ID,Terrestrial_Date,Sol,LS,Month,Min_Temp,Pressure
2,2012-08-Aug,10,155,6,-75.0,739.0
13,2012-08-Aug,11,156,6,-76.0,740.0
24,2012-08-Aug,12,156,6,-76.0,741.0
35,2012-08-Aug,13,157,6,-74.0,732.0
46,2012-08-Aug,14,157,6,-74.0,740.0
57,2012-08-Aug,15,158,6,-78.0,740.0
68,2012-08-Aug,16,158,6,-77.0,740.0
79,2012-08-Aug,17,159,6,-76.0,742.0
112,2012-08-Aug,21,161,6,-74.0,741.0
114,2012-08-Aug,22,162,6,-74.0,742.0
123,2012-08-Aug,23,162,6,-75.0,741.0
134,2012-08-Aug,24,163,6,-75.0,742.0
145,2012-08-Aug,25,163,6,-75.0,743.0
156,2012-09-Sep,26,164,6,-76.0,745.0
163,2012-09-Sep,27,164,6,-75.0,743.0
170,2012-09-Sep,28,165,6,-75.0,745.0
171,2012-09-Sep,29,166,6,-75.0,747.0
172,2012-09-Sep,30,166,6,-74.0,747.0
173,2012-09-Sep,31,167,6,-74.0,745.0
175,2012-09-Sep,33,168,6,-73.0,748.0
176,2012-09-Sep,34,168,6,-73.0,748.0
177,2012-09-Sep,35,169,6,-73.0,749.0
178,2012-09-Sep,36,169,6,-73.0,750.0
179,2012-09-Sep,37,170,6,-73.0,750.0
180,2012-09-Sep,38,171,6,-73.0,750.0
181,2012-09-Sep,39,171,6,-75.0,751.0
182,2012-09-Sep,40,172,6,-75.0,753.0
183,2012-09-Sep,41,172,6,-75.0,753.0
184,2012-09-Sep,42,173,6,-75.0,754.0
185,2012-09-Sep,43,173,6,-74.0,756.0
186,2012-09-Sep,44,174,6,-75.0,757.0
187,2012-09-Sep,45,175,6,-74.0,758.0
188,2012-09-Sep,46,175,6,-74.0,758.0
189,2012-09-Sep,47,176,6,-75.0,758.0
190,2012-09-Sep,48,176,6,-75.0,759.0
191,2012-09-Sep,49,177,6,-74.0,761.0
192,2012-09-Sep,50,177,6,-72.0,761.0
193,2012-09-Sep,51,178,6,-76.0,762.0
194,2012-09-Sep,52,179,6,-74.0,762.0
195,2012-09-Sep,53,179,6,-71.0,764.0
196,2012-09-Sep,54,180,7,-72.0,766.0
197,2012-10-Oct,55,180,7,-74.0,766.0
198,2012-10-Oct,56,181,7,-73.0,768.0
199,2012-10-Oct,57,181,7,-73.0,769.0
200,2012-10-Oct,58,182,7,-74.0,769.0
201,2012-10-Oct,59,183,7,-76.0,771.0
202,2012-10-Oct,60,183,7,-75.0,772.0
203,2012-10-Oct,61,184,7,-72.0,772.0
204,2012-10-Oct,62,184,7,-72.0,774.0
205,2012-10-Oct,63,185,7,-73.0,775.0
206,2012-10-Oct,64,186,7,-74.0,776.0
207,2012-10-Oct,65,186,7,-72.0,777.0
208,2012-10-Oct,66,187,7,-73.0,778.0
209,2012-10-Oct,67,187,7,-73.0,780.0
210,2012-10-Oct,68,188,7,-71.0,781.0
211,2012-10-Oct,69,189,7,-73.0,778.0
212,2012-10-Oct,70,189,7,-72.0,783.0
213,2012-10-Oct,71,190,7,-71.0,784.0
214,2012-10-Oct,72,190,7,-73.0,785.0
215,2012-10-Oct,73,191,7,-70.0,788.0
216,2012-10-Oct,74,192,7,-72.0,790.0
217,2012-10-Oct,75,192,7,-73.0,791.0
218,2012-10-Oct,76,193,7,-73.0,792.0
219,2012-10-Oct,77,193,7,-71.0,792.0
220,2012-10-Oct,78,194,7,-71.0,793.0
221,2012-10-Oct,79,195,7,-73.0,795.0
222,2012-10-Oct,80,195,7,-70.0,796.0
223,2012-10-Oct,81,196,7,-72.0,798.0
224,2012-10-Oct,82,196,7,-72.0,799.0
225,2012-10-Oct,83,197,7,-72.0,801.0
226,2012-10-Oct,84,198,7,-70.0,801.0
227,2012-11-Nov,85,198,7,-71.0,805.0
228,2012-11-Nov,86,199,7,-71.0,808.0
229,2012-11-Nov,87,199,7,-70.0,808.0
230,2012-11-Nov,88,200,7,-70.0,811.0
231,2012-11-Nov,89,201,7,-73.0,813.0
233,2012-11-Nov,90,201,7,-71.0,813.0
234,2012-11-Nov,91,202,7,-74.0,817.0
235,2012-11-Nov,92,202,7,-74.0,820.0
236,2012-11-Nov,93,203,7,-72.0,819.0
237,2012-11-Nov,94,204,7,-70.0,822.0
238,2012-11-Nov,95,204,7,-68.0,822.0
239,2012-11-Nov,96,205,7,-71.0,826.0
240,2012-11-Nov,97,206,7,-68.0,828.0
241,2012-11-Nov,98,206,7,-68.0,828.0
242,2012-11-Nov,99,207,7,-68.0,829.0
3,2012-11-Nov,100,207,7,-66.0,829.0
4,2012-11-Nov,101,208,7,-65.0,830.0
5,2012-11-Nov,102,209,7,-67.0,833.0
6,2012-11-Nov,103,209,7,-66.0,836.0
7,2012-11-Nov,104,210,8,-67.0,838.0
8,2012-11-Nov,105,211,8,-66.0,839.0
9,2012-11-Nov,106,211,8,-66.0,841.0
10,2012-11-Nov,107,212,8,-66.0,844.0
11,2012-11-Nov,108,212,8,-65.0,845.0
12,2012-11-Nov,109,213,8,-64.0,844.0
14,2012-11-Nov,110,214,8,-65.0,848.0
15,2012-11-Nov,111,214,8,-66.0,849.0
16,2012-11-Nov,112,215,8,-65.0,852.0
17,2012-11-Nov,113,216,8,-66.0,857.0
18,2012-12-Dec,114,216,8,-69.0,857.0
19,2012-12-Dec,115,217,8,-66.0,857.0
20,2012-12-Dec,116,217,8,-67.0,859.0
21,2012-12-Dec,117,218,8,-66.0,861.0
22,2012-12-Dec,118,219,8,-65.0,864.0
23,2012-12-Dec,119,219,8,-66.0,866.0
25,2012-12-Dec,120,220,8,-67.0,867.0
26,2012-12-Dec,121,221,8,-66.0,869.0
27,2012-12-Dec,122,221,8,-65.0,869.0
28,2012-12-Dec,123,222,8,-66.0,875.0
29,2012-12-Dec,124,223,8,-66.0,876.0
30,2012-12-Dec,125,223,8,-68.0,880.0
31,2012-12-Dec,126,224,8,-66.0,880.0
32,2012-12-Dec,127,224,8,-67.0,884.0
33,2012-12-Dec,128,225,8,-67.0,883.0
34,2012-12-Dec,129,226,8,-65.0,886.0
36,2012-12-Dec,130,226,8,-65.0,888.0
37,2012-12-Dec,131,227,8,-65.0,889.0
38,2012-12-Dec,132,228,8,-65.0,890.0
39,2012-12-Dec,133,228,8,-65.0,891.0
40,2012-12-Dec,134,229,8,-67.0,893.0
41,2012-12-Dec,135,230,8,-65.0,894.0
42,2012-12-Dec,136,230,8,-65.0,897.0
43,2012-12-Dec,137,231,8,-64.0,896.0
44,2012-12-Dec,138,232,8,-65.0,899.0
45,2012-12-Dec,139,232,8,-66.0,899.0
47,2012-12-Dec,140,233,8,-66.0,903.0
48,2012-12-Dec,141,233,8,-64.0,904.0
49,2012-12-Dec,142,234,8,-65.0,906.0
50,2012-12-Dec,143,235,8,-63.0,908.0
51,2013-01-Jan,144,235,8,-64.0,907.0
52,2013-01-Jan,145,236,8,-64.0,909.0
53,2013-01-Jan,146,237,8,-65.0,908.0
54,2013-01-Jan,147,237,8,-65.0,914.0
55,2013-01-Jan,148,238,8,-65.0,912.0
56,2013-01-Jan,149,239,8,-65.0,914.0
58,2013-01-Jan,150,239,8,-64.0,913.0
59,2013-01-Jan,151,240,9,-65.0,915.0
60,2013-01-Jan,152,241,9,-63.0,914.0
61,2013-01-Jan,153,241,9,-65.0,915.0
62,2013-01-Jan,154,242,9,-65.0,917.0
63,2013-01-Jan,155,243,9,-64.0,917.0
64,2013-01-Jan,156,243,9,-65.0,922.0
65,2013-01-Jan,157,244,9,-64.0,920.0
66,2013-01-Jan,158,245,9,-66.0,922.0
67,2013-01-Jan,159,245,9,-65.0,918.0
69,2013-01-Jan,160,246,9,-67.0,919.0
70,2013-01-Jan,161,246,9,-65.0,919.0
71,2013-01-Jan,162,247,9,-65.0,919.0
72,2013-01-Jan,163,248,9,-65.0,919.0
73,2013-01-Jan,164,248,9,-64.0,919.0
74,2013-01-Jan,165,249,9,-65.0,922.0
75,2013-01-Jan,166,250,9,-65.0,922.0
76,2013-01-Jan,167,250,9,-65.0,920.0
77,2013-01-Jan,168,251,9,-66.0,923.0
78,2013-01-Jan,169,252,9,-66.0,922.0
80,2013-01-Jan,170,252,9,-66.0,925.0
81,2013-01-Jan,171,253,9,-67.0,925.0
82,2013-01-Jan,172,254,9,-67.0,923.0
83,2013-01-Jan,173,254,9,-67.0,920.0
84,2013-01-Jan,174,255,9,-67.0,921.0
85,2013-02-Feb,175,256,9,-68.0,921.0
86,2013-02-Feb,176,256,9,-67.0,920.0
87,2013-02-Feb,177,257,9,-66.0,921.0
88,2013-02-Feb,178,258,9,-66.0,920.0
89,2013-02-Feb,179,258,9,-66.0,920.0
91,2013-02-Feb,180,259,9,-67.0,919.0
92,2013-02-Feb,181,260,9,-67.0,918.0
93,2013-02-Feb,182,260,9,-67.0,921.0
94,2013-02-Feb,183,261,9,-67.0,921.0
95,2013-02-Feb,184,261,9,-67.0,923.0
96,2013-02-Feb,185,262,9,-67.0,923.0
97,2013-02-Feb,186,263,9,-66.0,922.0
98,2013-02-Feb,187,263,9,-67.0,921.0
99,2013-02-Feb,188,264,9,-68.0,920.0
100,2013-02-Feb,189,265,9,-68.0,920.0
102,2013-02-Feb,190,265,9,-66.0,917.0
103,2013-02-Feb,191,266,9,-67.0,921.0
106,2013-02-Feb,196,269,9,-66.0,916.0
107,2013-02-Feb,197,270,10,-68.0,915.0
108,2013-02-Feb,198,271,10,-67.0,914.0
109,2013-02-Feb,199,271,10,-66.0,917.0
116,2013-03-Mar,223,287,10,-71.0,895.0
117,2013-03-Mar,224,287,10,-69.0,894.0
118,2013-03-Mar,225,288,10,-71.0,894.0
119,2013-03-Mar,226,288,10,-70.0,894.0
120,2013-03-Mar,227,289,10,-70.0,892.0
121,2013-03-Mar,228,290,10,-71.0,894.0
122,2013-03-Mar,229,290,10,-69.0,894.0
124,2013-03-Mar,230,291,10,-69.0,888.0
125,2013-03-Mar,231,292,10,-71.0,890.0
126,2013-04-Apr,232,292,10,-69.0,888.0
127,2013-04-Apr,233,293,10,-69.0,889.0
128,2013-04-Apr,234,293,10,-69.0,890.0
129,2013-04-Apr,235,294,10,-70.0,886.0
130,2013-04-Apr,236,295,10,-72.0,886.0
131,2013-04-Apr,237,295,10,-71.0,883.0
132,2013-04-Apr,238,296,10,-70.0,885.0
133,2013-04-Apr,239,297,10,-73.0,885.0
135,2013-04-Apr,240,297,10,-70.0,884.0
136,2013-04-Apr,241,298,10,-72.0,884.0
137,2013-04-Apr,242,298,10,-70.0,881.0
138,2013-04-Apr,243,299,10,-71.0,884.0
139,2013-04-Apr,244,300,11,-69.0,878.0
140,2013-04-Apr,245,300,11,-70.0,879.0
141,2013-04-Apr,246,301,11,-73.0,878.0
142,2013-04-Apr,247,301,11,-71.0,873.0
143,2013-04-Apr,248,302,11,-70.0,877.0
144,2013-04-Apr,249,303,11,-69.0,873.0
146,2013-04-Apr,250,303,11,-70.0,877.0
147,2013-04-Apr,251,304,11,-71.0,876.0
148,2013-04-Apr,252,304,11,-71.0,874.0
149,2013-04-Apr,253,305,11,-71.0,877.0
150,2013-04-Apr,254,306,11,-70.0,871.0
151,2013-04-Apr,255,306,11,-69.0,877.0
152,2013-04-Apr,256,307,11,-70.0,871.0
153,2013-04-Apr,257,308,11,-70.0,871.0
154,2013-04-Apr,258,308,11,-71.0,869.0
155,2013-04-Apr,259,309,11,-72.0,871.0
157,2013-04-Apr,260,309,11,-70.0,875.0
158,2013-05-May,261,310,11,-70.0,868.0
161,2013-05-May,268,314,11,-70.0,864.0
162,2013-05-May,269,315,11,-72.0,866.0
164,2013-05-May,270,315,11,-67.0,863.0
165,2013-05-May,271,316,11,-69.0,864.0
166,2013-05-May,272,316,11,-71.0,864.0
167,2013-05-May,273,317,11,-70.0,861.0
168,2013-05-May,274,318,11,-70.0,861.0
169,2013-05-May,275,318,11,-67.0,860.0
244,2013-05-May,276,319,11,-69.0,858.0
245,2013-05-May,277,319,11,-69.0,857.0
246,2013-05-May,278,320,11,-67.0,855.0
247,2013-05-May,279,321,11,-68.0,856.0
248,2013-05-May,280,321,11,-69.0,856.0
249,2013-05-May,281,322,11,-68.0,855.0
250,2013-05-May,282,322,11,-72.0,856.0
251,2013-05-May,283,323,11,-68.0,854.0
252,2013-05-May,284,323,11,-71.0,854.0
253,2013-05-May,285,324,11,-70.0,852.0
254,2013-05-May,286,325,11,-71.0,854.0
255,2013-05-May,287,325,11,-72.0,856.0
256,2013-05-May,288,326,11,-69.0,854.0
257,2013-05-May,289,326,11,-71.0,854.0
258,2013-05-May,290,327,11,-71.0,853.0
259,2013-06-Jun,291,327,11,-70.0,853.0
260,2013-06-Jun,292,328,11,-71.0,853.0
261,2013-06-Jun,293,329,11,-72.0,850.0
262,2013-06-Jun,294,329,11,-72.0,852.0
263,2013-06-Jun,295,330,12,-71.0,853.0
264,2013-06-Jun,296,330,12,-71.0,850.0
265,2013-06-Jun,297,331,12,-72.0,849.0
266,2013-06-Jun,298,331,12,-72.0,850.0
267,2013-06-Jun,299,332,12,-71.0,849.0
286,2013-06-Jun,300,333,12,-72.0,852.0
276,2013-06-Jun,301,333,12,-73.0,852.0
287,2013-06-Jun,302,334,12,-71.0,850.0
283,2013-06-Jun,303,334,12,-71.0,849.0
281,2013-06-Jun,304,335,12,-70.0,848.0
275,2013-06-Jun,305,335,12,-71.0,847.0
280,2013-06-Jun,306,336,12,-71.0,848.0
279,2013-06-Jun,307,336,12,-72.0,851.0
282,2013-06-Jun,308,337,12,-73.0,850.0
284,2013-06-Jun,309,338,12,-72.0,848.0
278,2013-06-Jun,310,338,12,-71.0,849.0
277,2013-06-Jun,311,339,12,-74.0,846.0
285,2013-06-Jun,312,339,12,-71.0,845.0
274,2013-06-Jun,313,340,12,-77.0,849.0
272,2013-06-Jun,314,340,12,-73.0,848.0
273,2013-06-Jun,315,341,12,-74.0,850.0
288,2013-06-Jun,316,341,12,-74.0,851.0
268,2013-06-Jun,317,342,12,-72.0,849.0
270,2013-06-Jun,318,342,12,-74.0,849.0
271,2013-06-Jun,319,343,12,-73.0,847.0
269,2013-06-Jun,320,344,12,-74.0,846.0
289,2013-07-Jul,321,344,12,-75.0,847.0
291,2013-07-Jul,322,345,12,-74.0,849.0
290,2013-07-Jul,323,345,12,-74.0,847.0
292,2013-07-Jul,324,346,12,-75.0,850.0
294,2013-07-Jul,325,346,12,-74.0,847.0
295,2013-07-Jul,326,347,12,-72.0,848.0
296,2013-07-Jul,327,347,12,-74.0,848.0
293,2013-07-Jul,328,348,12,-75.0,847.0
298,2013-07-Jul,329,348,12,-74.0,847.0
297,2013-07-Jul,330,349,12,-75.0,848.0
303,2013-07-Jul,331,349,12,-74.0,848.0
300,2013-07-Jul,332,350,12,-76.0,849.0
299,2013-07-Jul,333,350,12,-75.0,849.0
301,2013-07-Jul,334,351,12,-74.0,852.0
302,2013-07-Jul,335,352,12,-76.0,852.0
305,2013-07-Jul,336,352,12,-76.0,852.0
304,2013-07-Jul,337,353,12,-75.0,853.0
306,2013-07-Jul,338,353,12,-78.0,848.0
308,2013-07-Jul,339,354,12,-76.0,849.0
307,2013-07-Jul,340,354,12,-76.0,851.0
310,2013-07-Jul,341,355,12,-77.0,852.0
309,2013-07-Jul,342,355,12,-76.0,851.0
311,2013-07-Jul,343,356,12,-77.0,850.0
317,2013-07-Jul,344,356,12,-77.0,851.0
312,2013-07-Jul,345,357,12,-77.0,853.0
314,2013-07-Jul,346,357,12,-76.0,853.0
313,2013-07-Jul,347,358,12,-77.0,851.0
315,2013-07-Jul,348,358,12,-74.0,850.0
316,2013-07-Jul,349,359,12,-75.0,852.0
318,2013-07-Jul,350,359,12,-76.0,853.0
320,2013-08-Aug,351,0,1,-75.0,853.0
319,2013-08-Aug,352,0,1,-77.0,854.0
323,2013-08-Aug,353,1,1,-75.0,855.0
322,2013-08-Aug,354,1,1,-75.0,857.0
321,2013-08-Aug,355,2,1,-75.0,857.0
324,2013-08-Aug,356,2,1,-77.0,856.0
325,2013-08-Aug,357,3,1,-76.0,857.0
326,2013-08-Aug,366,7,1,-76.0,861.0
328,2013-08-Aug,367,8,1,-76.0,862.0
330,2013-08-Aug,368,8,1,-77.0,863.0
331,2013-08-Aug,369,9,1,-75.0,865.0
332,2013-08-Aug,370,9,1,-79.0,865.0
333,2013-08-Aug,371,10,1,-77.0,865.0
334,2013-08-Aug,372,10,1,-76.0,866.0
335,2013-08-Aug,373,11,1,-79.0,866.0
337,2013-08-Aug,374,11,1,-79.0,866.0
336,2013-08-Aug,375,12,1,-77.0,867.0
340,2013-08-Aug,376,12,1,-78.0,870.0
338,2013-08-Aug,377,13,1,-78.0,870.0
339,2013-08-Aug,378,13,1,-78.0,869.0
341,2013-08-Aug,379,14,1,-79.0,870.0
343,2013-08-Aug,380,14,1,-79.0,870.0
345,2013-09-Sep,381,15,1,-79.0,871.0
344,2013-09-Sep,382,15,1,-76.0,872.0
342,2013-09-Sep,383,16,1,-77.0,874.0
346,2013-09-Sep,384,16,1,-77.0,875.0
351,2013-09-Sep,385,17,1,-78.0,874.0
347,2013-09-Sep,386,17,1,-77.0,873.0
349,2013-09-Sep,387,18,1,-78.0,874.0
350,2013-09-Sep,388,18,1,-79.0,875.0
348,2013-09-Sep,389,19,1,-79.0,875.0
352,2013-09-Sep,390,19,1,-78.0,875.0
353,2013-09-Sep,391,20,1,-78.0,875.0
354,2013-09-Sep,392,20,1,-77.0,876.0
355,2013-09-Sep,393,21,1,-76.0,877.0
356,2013-09-Sep,394,21,1,-79.0,878.0
357,2013-09-Sep,395,22,1,-77.0,878.0
358,2013-09-Sep,396,22,1,-78.0,879.0
359,2013-09-Sep,397,23,1,-75.0,880.0
360,2013-09-Sep,398,23,1,-79.0,880.0
361,2013-09-Sep,399,24,1,-79.0,881.0
363,2013-09-Sep,400,24,1,-79.0,881.0
362,2013-09-Sep,401,25,1,-79.0,882.0
365,2013-09-Sep,402,25,1,-78.0,883.0
364,2013-09-Sep,403,25,1,-80.0,883.0
367,2013-09-Sep,404,26,1,-78.0,884.0
366,2013-09-Sep,405,26,1,-82.0,885.0
374,2013-09-Sep,406,27,1,-81.0,886.0
370,2013-09-Sep,407,27,1,-81.0,887.0
369,2013-09-Sep,408,28,1,-80.0,887.0
368,2013-09-Sep,409,28,1,-81.0,887.0
373,2013-10-Oct,410,29,1,-81.0,888.0
372,2013-10-Oct,411,29,1,-82.0,887.0
371,2013-10-Oct,412,30,2,-80.0,888.0
376,2013-10-Oct,413,30,2,-82.0,888.0
375,2013-10-Oct,414,31,2,-79.0,889.0
377,2013-10-Oct,415,31,2,-82.0,890.0
378,2013-10-Oct,416,32,2,-79.0,889.0
379,2013-10-Oct,417,32,2,-82.0,890.0
380,2013-10-Oct,418,33,2,-79.0,891.0
381,2013-10-Oct,419,33,2,-82.0,891.0
385,2013-10-Oct,420,33,2,-80.0,892.0
382,2013-10-Oct,421,34,2,-81.0,890.0
384,2013-10-Oct,422,34,2,-82.0,891.0
383,2013-10-Oct,423,35,2,-81.0,892.0
386,2013-10-Oct,424,35,2,-81.0,893.0
393,2013-10-Oct,425,36,2,-81.0,893.0
388,2013-10-Oct,426,36,2,-79.0,893.0
392,2013-10-Oct,427,37,2,-81.0,893.0
391,2013-10-Oct,428,37,2,-81.0,894.0
387,2013-10-Oct,429,38,2,-82.0,895.0
390,2013-10-Oct,430,38,2,-82.0,896.0
389,2013-10-Oct,431,39,2,-83.0,895.0
395,2013-10-Oct,432,39,2,-80.0,896.0
394,2013-10-Oct,433,40,2,-81.0,895.0
397,2013-10-Oct,434,40,2,-80.0,896.0
396,2013-10-Oct,435,40,2,-81.0,896.0
398,2013-10-Oct,436,41,2,-81.0,897.0
399,2013-10-Oct,437,41,2,-82.0,898.0
400,2013-10-Oct,438,42,2,-79.0,899.0
401,2013-10-Oct,439,42,2,-80.0,899.0
404,2013-11-Nov,440,43,2,-80.0,899.0
402,2013-11-Nov,441,43,2,-81.0,900.0
405,2013-11-Nov,442,44,2,-80.0,900.0
403,2013-11-Nov,443,44,2,-81.0,901.0
407,2013-11-Nov,455,50,2,-84.0,905.0
406,2013-11-Nov,456,50,2,-83.0,905.0
409,2013-11-Nov,463,53,2,-86.0,906.0
410,2013-11-Nov,464,54,2,-84.0,906.0
412,2013-11-Nov,465,54,2,-85.0,906.0
415,2013-11-Nov,466,55,2,-85.0,907.0
411,2013-11-Nov,467,55,2,-84.0,907.0
414,2013-11-Nov,468,55,2,-85.0,907.0
413,2013-11-Nov,469,56,2,-85.0,908.0
475,2013-12-Dec,470,56,2,-85.0,907.0
479,2013-12-Dec,471,57,2,-84.0,906.0
416,2013-12-Dec,472,57,2,-84.0,907.0
417,2013-12-Dec,473,58,2,-86.0,907.0
420,2013-12-Dec,474,58,2,-84.0,906.0
419,2013-12-Dec,475,59,2,-85.0,906.0
418,2013-12-Dec,476,59,2,-85.0,906.0
421,2013-12-Dec,477,60,3,-85.0,907.0
422,2013-12-Dec,486,64,3,-84.0,904.0
473,2013-12-Dec,487,64,3,-85.0,904.0
480,2013-12-Dec,488,64,3,-87.0,903.0
423,2013-12-Dec,489,65,3,-85.0,904.0
434,2013-12-Dec,490,65,3,-87.0,903.0
433,2013-12-Dec,491,66,3,-86.0,903.0
427,2013-12-Dec,492,66,3,-86.0,903.0
426,2013-12-Dec,493,67,3,-84.0,902.0
429,2013-12-Dec,494,67,3,-85.0,902.0
431,2013-12-Dec,495,68,3,-86.0,900.0
428,2013-12-Dec,496,68,3,-85.0,901.0
425,2013-12-Dec,497,69,3,-86.0,901.0
424,2013-12-Dec,498,69,3,-86.0,901.0
432,2013-12-Dec,499,69,3,-84.0,899.0
430,2014-01-Jan,500,70,3,-85.0,897.0
435,2014-01-Jan,501,70,3,-86.0,898.0
437,2014-01-Jan,502,71,3,-87.0,898.0
483,2014-01-Jan,503,71,3,-86.0,897.0
436,2014-01-Jan,504,72,3,-85.0,895.0
438,2014-01-Jan,505,72,3,-85.0,895.0
439,2014-01-Jan,506,73,3,-86.0,894.0
440,2014-01-Jan,507,73,3,-85.0,894.0
442,2014-01-Jan,508,73,3,-83.0,893.0
443,2014-01-Jan,509,74,3,-86.0,895.0
441,2014-01-Jan,510,74,3,-85.0,892.0
446,2014-01-Jan,511,75,3,-85.0,892.0
444,2014-01-Jan,512,75,3,-86.0,890.0
445,2014-01-Jan,513,76,3,-86.0,889.0
447,2014-01-Jan,514,76,3,-86.0,888.0
450,2014-01-Jan,515,77,3,-86.0,888.0
449,2014-01-Jan,516,77,3,-86.0,888.0
448,2014-01-Jan,517,77,3,-86.0,885.0
451,2014-01-Jan,518,78,3,-85.0,885.0
452,2014-01-Jan,519,78,3,-86.0,884.0
453,2014-01-Jan,520,79,3,-86.0,884.0
454,2014-01-Jan,521,79,3,-87.0,882.0
455,2014-01-Jan,522,80,3,-85.0,881.0
458,2014-01-Jan,523,80,3,-85.0,881.0
457,2014-01-Jan,524,81,3,-85.0,880.0
456,2014-01-Jan,525,81,3,-87.0,878.0
459,2014-01-Jan,526,82,3,-87.0,878.0
460,2014-01-Jan,527,82,3,-86.0,877.0
461,2014-01-Jan,528,82,3,-86.0,876.0
462,2014-01-Jan,529,83,3,-87.0,875.0
463,2014-02-Feb,530,83,3,-87.0,873.0
465,2014-02-Feb,531,84,3,-87.0,872.0
464,2014-02-Feb,532,84,3,-88.0,872.0
466,2014-02-Feb,533,85,3,-87.0,871.0
467,2014-02-Feb,534,85,3,-86.0,869.0
468,2014-02-Feb,535,86,3,-88.0,868.0
470,2014-02-Feb,536,86,3,-83.0,867.0
469,2014-02-Feb,537,86,3,-83.0,865.0
472,2014-02-Feb,538,87,3,-85.0,865.0
476,2014-02-Feb,539,87,3,-85.0,864.0
481,2014-02-Feb,540,88,3,-84.0,862.0
482,2014-02-Feb,541,88,3,-84.0,861.0
477,2014-02-Feb,542,89,3,-85.0,859.0
486,2014-02-Feb,543,89,3,-84.0,858.0
487,2014-02-Feb,544,90,4,-86.0,857.0
490,2014-02-Feb,545,90,4,-85.0,856.0
489,2014-02-Feb,546,91,4,-85.0,855.0
488,2014-02-Feb,547,91,4,-85.0,853.0
491,2014-02-Feb,548,91,4,-86.0,852.0
492,2014-02-Feb,549,92,4,-87.0,851.0
494,2014-02-Feb,550,92,4,-85.0,850.0
495,2014-02-Feb,551,93,4,-85.0,848.0
493,2014-02-Feb,552,93,4,-86.0,847.0
496,2014-02-Feb,553,94,4,-84.0,845.0
497,2014-02-Feb,554,94,4,-84.0,843.0
499,2014-02-Feb,555,95,4,-85.0,843.0
501,2014-02-Feb,556,95,4,-85.0,842.0
498,2014-03-Mar,557,96,4,-85.0,840.0
500,2014-03-Mar,558,96,4,-85.0,839.0
502,2014-03-Mar,559,96,4,-85.0,838.0
503,2014-03-Mar,560,97,4,-86.0,836.0
504,2014-03-Mar,561,97,4,-85.0,835.0
506,2014-03-Mar,562,98,4,-85.0,834.0
505,2014-03-Mar,563,98,4,-87.0,833.0
509,2014-03-Mar,564,99,4,-86.0,831.0
508,2014-03-Mar,565,99,4,-85.0,830.0
507,2014-03-Mar,566,100,4,-86.0,829.0
510,2014-03-Mar,567,100,4,-86.0,827.0
511,2014-03-Mar,568,101,4,-86.0,825.0
512,2014-03-Mar,569,101,4,-85.0,825.0
513,2014-03-Mar,570,102,4,-84.0,823.0
515,2014-03-Mar,571,102,4,-84.0,821.0
514,2014-03-Mar,572,102,4,-85.0,820.0
516,2014-03-Mar,573,103,4,-84.0,819.0
517,2014-03-Mar,574,103,4,-85.0,817.0
518,2014-03-Mar,575,104,4,-82.0,816.0
520,2014-03-Mar,576,104,4,-84.0,815.0
519,2014-03-Mar,577,105,4,-84.0,813.0
521,2014-03-Mar,578,105,4,-83.0,812.0
522,2014-03-Mar,579,106,4,-82.0,811.0
523,2014-03-Mar,580,106,4,-83.0,810.0
524,2014-03-Mar,581,107,4,-84.0,808.0
525,2014-03-Mar,582,107,4,-84.0,807.0
526,2014-03-Mar,583,108,4,-82.0,806.0
528,2014-03-Mar,584,108,4,-82.0,804.0
527,2014-03-Mar,585,109,4,-83.0,802.0
529,2014-03-Mar,586,109,4,-82.0,802.0
530,2014-04-Apr,587,109,4,-85.0,801.0
532,2014-04-Apr,588,110,4,-84.0,799.0
531,2014-04-Apr,589,110,4,-85.0,798.0
535,2014-04-Apr,590,111,4,-82.0,797.0
533,2014-04-Apr,591,111,4,-82.0,795.0
534,2014-04-Apr,592,112,4,-83.0,795.0
536,2014-04-Apr,593,112,4,-83.0,795.0
537,2014-04-Apr,594,113,4,-83.0,793.0
538,2014-04-Apr,595,113,4,-83.0,792.0
539,2014-04-Apr,596,114,4,-82.0,791.0
540,2014-04-Apr,597,114,4,-84.0,790.0
542,2014-04-Apr,598,115,4,-84.0,787.0
543,2014-04-Apr,599,115,4,-84.0,788.0
541,2014-04-Apr,600,116,4,-81.0,787.0
544,2014-04-Apr,601,116,4,-82.0,785.0
545,2014-04-Apr,602,117,4,-82.0,784.0
548,2014-04-Apr,603,117,4,-83.0,783.0
546,2014-04-Apr,604,118,4,-84.0,782.0
547,2014-04-Apr,605,118,4,-83.0,781.0
549,2014-04-Apr,606,118,4,-84.0,780.0
550,2014-04-Apr,607,119,4,-83.0,779.0
551,2014-04-Apr,608,119,4,-85.0,777.0
552,2014-04-Apr,609,120,5,-84.0,777.0
554,2014-04-Apr,610,120,5,-85.0,776.0
555,2014-04-Apr,611,121,5,-84.0,775.0
553,2014-04-Apr,612,121,5,-85.0,774.0
556,2014-04-Apr,613,122,5,-84.0,773.0
557,2014-04-Apr,614,122,5,-82.0,772.0
558,2014-04-Apr,615,123,5,-83.0,771.0
559,2014-05-May,616,123,5,-82.0,769.0
561,2014-05-May,617,124,5,-84.0,769.0
562,2014-05-May,618,124,5,-83.0,769.0
560,2014-05-May,619,125,5,-82.0,766.0
563,2014-05-May,620,125,5,-83.0,765.0
564,2014-05-May,621,126,5,-82.0,765.0
565,2014-05-May,622,126,5,-84.0,763.0
566,2014-05-May,623,127,5,-83.0,763.0
568,2014-05-May,624,127,5,-82.0,762.0
569,2014-05-May,625,128,5,-81.0,761.0
567,2014-05-May,626,128,5,-82.0,760.0
570,2014-05-May,627,129,5,-82.0,759.0
571,2014-05-May,628,129,5,-81.0,759.0
572,2014-05-May,629,130,5,-84.0,759.0
573,2014-05-May,630,130,5,-82.0,757.0
576,2014-05-May,631,131,5,-81.0,756.0
575,2014-05-May,632,131,5,-79.0,755.0
574,2014-05-May,633,132,5,-81.0,754.0
577,2014-05-May,634,132,5,-82.0,753.0
578,2014-05-May,635,133,5,-82.0,754.0
582,2014-05-May,636,133,5,-81.0,752.0
580,2014-05-May,637,134,5,-80.0,752.0
579,2014-05-May,638,134,5,-80.0,751.0
581,2014-05-May,639,135,5,-80.0,750.0
583,2014-05-May,640,135,5,-81.0,750.0
584,2014-05-May,641,136,5,-81.0,749.0
585,2014-05-May,642,136,5,-80.0,749.0
586,2014-05-May,643,137,5,-80.0,748.0
588,2014-05-May,644,137,5,-80.0,748.0
589,2014-05-May,645,138,5,-81.0,746.0
587,2014-05-May,646,138,5,-81.0,746.0
590,2014-06-Jun,647,139,5,-79.0,746.0
591,2014-06-Jun,648,139,5,-80.0,746.0
592,2014-06-Jun,649,140,5,-79.0,745.0
593,2014-06-Jun,650,140,5,-80.0,743.0
595,2014-06-Jun,651,141,5,-80.0,743.0
594,2014-06-Jun,652,141,5,-79.0,745.0
596,2014-06-Jun,653,142,5,-80.0,744.0
597,2014-06-Jun,654,142,5,-79.0,742.0
598,2014-06-Jun,655,143,5,-77.0,741.0
599,2014-06-Jun,656,143,5,-80.0,740.0
600,2014-06-Jun,657,144,5,-79.0,739.0
602,2014-06-Jun,658,144,5,-79.0,739.0
603,2014-06-Jun,659,145,5,-77.0,738.0
601,2014-06-Jun,660,145,5,-78.0,735.0
604,2014-06-Jun,661,146,5,-76.0,735.0
605,2014-06-Jun,662,146,5,-77.0,735.0
609,2014-06-Jun,663,147,5,-77.0,734.0
607,2014-06-Jun,664,147,5,-78.0,732.0
610,2014-06-Jun,665,148,5,-78.0,735.0
608,2014-06-Jun,666,148,5,-77.0,736.0
606,2014-06-Jun,667,149,5,-76.0,736.0
611,2014-06-Jun,668,150,6,-75.0,734.0
613,2014-06-Jun,669,150,6,-84.0,735.0
612,2014-06-Jun,670,151,6,-79.0,737.0
614,2014-06-Jun,671,151,6,-79.0,740.0
615,2014-06-Jun,672,152,6,-78.0,739.0
616,2014-06-Jun,673,152,6,-78.0,738.0
617,2014-06-Jun,674,153,6,-80.0,739.0
618,2014-06-Jun,675,153,6,-80.0,740.0
619,2014-07-Jul,676,154,6,-80.0,738.0
622,2014-07-Jul,677,154,6,-78.0,737.0
621,2014-07-Jul,678,155,6,-77.0,739.0
624,2014-07-Jul,679,155,6,-77.0,738.0
620,2014-07-Jul,680,156,6,-76.0,740.0
623,2014-07-Jul,681,156,6,-79.0,738.0
625,2014-07-Jul,682,157,6,-77.0,739.0
626,2014-07-Jul,683,158,6,-79.0,741.0
627,2014-07-Jul,684,158,6,-75.0,741.0
628,2014-07-Jul,685,159,6,-77.0,740.0
629,2014-07-Jul,686,159,6,-76.0,738.0
630,2014-07-Jul,687,160,6,-77.0,739.0
631,2014-07-Jul,688,160,6,-77.0,741.0
632,2014-07-Jul,689,161,6,-76.0,742.0
633,2014-07-Jul,690,161,6,-77.0,741.0
634,2014-07-Jul,691,162,6,-76.0,741.0
637,2014-07-Jul,692,162,6,-76.0,742.0
636,2014-07-Jul,693,163,6,-76.0,741.0
635,2014-07-Jul,694,164,6,-75.0,740.0
638,2014-07-Jul,695,164,6,-76.0,741.0
639,2014-07-Jul,696,165,6,-75.0,743.0
640,2014-07-Jul,697,165,6,-74.0,743.0
641,2014-07-Jul,698,166,6,-77.0,743.0
642,2014-07-Jul,699,166,6,-76.0,744.0
643,2014-07-Jul,700,167,6,-75.0,745.0
644,2014-07-Jul,701,167,6,-77.0,745.0
645,2014-07-Jul,702,168,6,-76.0,745.0
646,2014-07-Jul,703,169,6,-75.0,747.0
647,2014-07-Jul,704,169,6,-75.0,747.0
648,2014-07-Jul,705,170,6,-76.0,746.0
650,2014-08-Aug,706,170,6,-76.0,748.0
651,2014-08-Aug,707,171,6,-76.0,749.0
649,2014-08-Aug,708,171,6,-76.0,749.0
652,2014-08-Aug,709,172,6,-73.0,750.0
653,2014-08-Aug,710,172,6,-77.0,751.0
654,2014-08-Aug,711,173,6,-75.0,751.0
658,2014-08-Aug,712,174,6,-77.0,752.0
656,2014-08-Aug,713,174,6,-76.0,754.0
655,2014-08-Aug,714,175,6,-76.0,754.0
657,2014-08-Aug,715,175,6,-73.0,755.0
659,2014-08-Aug,716,176,6,-75.0,755.0
661,2014-08-Aug,717,176,6,-76.0,756.0
660,2014-08-Aug,718,177,6,-77.0,757.0
662,2014-08-Aug,719,178,6,-77.0,758.0
663,2014-08-Aug,720,178,6,-74.0,760.0
664,2014-08-Aug,721,179,6,-73.0,761.0
665,2014-08-Aug,722,179,6,-74.0,760.0
666,2014-08-Aug,723,180,7,-73.0,761.0
667,2014-08-Aug,724,181,7,-74.0,763.0
669,2014-08-Aug,725,181,7,-73.0,764.0
668,2014-08-Aug,726,182,7,-75.0,766.0
671,2014-08-Aug,727,182,7,-76.0,766.0
670,2014-08-Aug,728,183,7,-74.0,766.0
672,2014-08-Aug,729,183,7,-75.0,768.0
676,2014-08-Aug,730,184,7,-76.0,770.0
673,2014-08-Aug,731,185,7,-75.0,771.0
677,2014-08-Aug,732,185,7,-75.0,773.0
674,2014-08-Aug,733,186,7,-74.0,773.0
675,2014-08-Aug,734,186,7,-73.0,776.0
678,2014-08-Aug,735,187,7,-73.0,776.0
679,2014-09-Sep,736,188,7,-76.0,776.0
680,2014-09-Sep,737,188,7,-74.0,777.0
681,2014-09-Sep,738,189,7,-75.0,778.0
682,2014-09-Sep,739,189,7,-77.0,779.0
685,2014-09-Sep,740,190,7,-76.0,782.0
683,2014-09-Sep,741,191,7,-70.0,784.0
684,2014-09-Sep,742,191,7,-72.0,784.0
686,2014-09-Sep,743,192,7,-72.0,786.0
687,2014-09-Sep,744,192,7,-75.0,786.0
689,2014-09-Sep,745,193,7,-74.0,787.0
688,2014-09-Sep,746,194,7,-76.0,788.0
691,2014-09-Sep,747,194,7,-73.0,789.0
690,2014-09-Sep,748,195,7,-71.0,791.0
692,2014-09-Sep,749,195,7,-73.0,794.0
693,2014-09-Sep,750,196,7,-72.0,796.0
695,2014-09-Sep,751,197,7,-72.0,797.0
694,2014-09-Sep,752,197,7,-71.0,798.0
698,2014-09-Sep,753,198,7,-73.0,800.0
696,2014-09-Sep,754,198,7,-73.0,802.0
697,2014-09-Sep,755,199,7,-74.0,806.0
699,2014-09-Sep,756,200,7,-73.0,806.0
700,2014-09-Sep,757,200,7,-73.0,807.0
701,2014-09-Sep,758,201,7,-71.0,810.0
702,2014-09-Sep,759,201,7,-77.0,809.0
704,2014-09-Sep,760,202,7,-70.0,810.0
705,2014-09-Sep,761,203,7,-72.0,814.0
703,2014-09-Sep,762,203,7,-75.0,814.0
706,2014-09-Sep,763,204,7,-78.0,817.0
707,2014-09-Sep,764,205,7,-73.0,821.0
708,2014-10-Oct,765,205,7,-73.0,820.0
709,2014-10-Oct,766,206,7,-70.0,824.0
710,2014-10-Oct,767,206,7,-71.0,824.0
712,2014-10-Oct,768,207,7,-73.0,826.0
711,2014-10-Oct,769,208,7,-73.0,829.0
713,2014-10-Oct,770,208,7,-70.0,829.0
714,2014-10-Oct,771,209,7,-71.0,836.0
715,2014-10-Oct,772,210,8,-71.0,835.0
716,2014-10-Oct,773,210,8,-70.0,838.0
719,2014-10-Oct,774,211,8,-73.0,838.0
717,2014-10-Oct,775,211,8,-71.0,838.0
718,2014-10-Oct,776,212,8,-72.0,841.0
720,2014-10-Oct,777,213,8,-72.0,841.0
721,2014-10-Oct,778,213,8,-70.0,846.0
722,2014-10-Oct,779,214,8,-71.0,845.0
723,2014-10-Oct,780,215,8,-72.0,852.0
725,2014-10-Oct,781,215,8,-74.0,849.0
724,2014-10-Oct,782,216,8,-71.0,854.0
727,2014-10-Oct,783,216,8,-69.0,853.0
726,2014-10-Oct,784,217,8,-69.0,857.0
728,2014-10-Oct,785,218,8,-74.0,858.0
729,2014-10-Oct,786,218,8,-74.0,861.0
732,2014-10-Oct,787,219,8,-73.0,860.0
731,2014-10-Oct,788,220,8,-68.0,862.0
730,2014-10-Oct,789,220,8,-68.0,862.0
733,2014-10-Oct,790,221,8,-68.0,864.0
734,2014-10-Oct,791,222,8,-70.0,867.0
735,2014-10-Oct,792,222,8,-71.0,873.0
736,2014-10-Oct,793,223,8,-71.0,877.0
739,2014-10-Oct,794,223,8,-68.0,874.0
738,2014-10-Oct,795,224,8,-68.0,875.0
737,2014-11-Nov,796,225,8,-65.0,877.0
740,2014-11-Nov,797,225,8,-65.0,879.0
741,2014-11-Nov,798,226,8,-67.0,883.0
743,2014-11-Nov,799,227,8,-70.0,884.0
742,2014-11-Nov,800,227,8,-67.0,884.0
746,2014-11-Nov,801,228,8,-70.0,884.0
745,2014-11-Nov,802,229,8,-69.0,887.0
744,2014-11-Nov,803,229,8,-69.0,888.0
747,2014-11-Nov,804,230,8,-73.0,891.0
748,2014-11-Nov,805,231,8,-70.0,893.0
750,2014-11-Nov,806,231,8,-69.0,893.0
749,2014-11-Nov,807,232,8,-71.0,892.0
752,2014-11-Nov,808,232,8,-67.0,893.0
753,2014-11-Nov,809,233,8,-70.0,895.0
751,2014-11-Nov,810,234,8,-69.0,897.0
754,2014-11-Nov,811,234,8,-71.0,900.0
755,2014-11-Nov,812,235,8,-75.0,902.0
756,2014-11-Nov,813,236,8,-67.0,904.0
757,2014-11-Nov,814,236,8,-68.0,902.0
759,2014-11-Nov,815,237,8,-69.0,905.0
758,2014-11-Nov,816,238,8,-74.0,909.0
761,2014-11-Nov,817,238,8,-69.0,913.0
760,2014-11-Nov,818,239,8,-68.0,914.0
763,2014-11-Nov,819,240,9,-71.0,913.0
765,2014-11-Nov,820,240,9,-68.0,910.0
762,2014-11-Nov,821,241,9,-68.0,910.0
764,2014-11-Nov,822,242,9,-71.0,911.0
766,2014-11-Nov,823,242,9,-69.0,912.0
768,2014-11-Nov,824,243,9,-67.0,914.0
767,2014-12-Dec,825,243,9,-67.0,914.0
770,2014-12-Dec,826,244,9,-68.0,914.0
769,2014-12-Dec,827,245,9,-68.0,911.0
771,2014-12-Dec,828,245,9,-71.0,914.0
773,2014-12-Dec,829,246,9,-71.0,914.0
772,2014-12-Dec,830,247,9,-68.0,918.0
774,2014-12-Dec,831,247,9,-68.0,920.0
775,2014-12-Dec,832,248,9,-68.0,924.0
776,2014-12-Dec,833,249,9,-69.0,923.0
777,2014-12-Dec,834,249,9,-68.0,918.0
780,2014-12-Dec,835,250,9,-69.0,917.0
778,2014-12-Dec,836,251,9,-69.0,916.0
779,2014-12-Dec,837,251,9,-69.0,916.0
782,2014-12-Dec,838,252,9,-69.0,917.0
781,2014-12-Dec,839,253,9,-70.0,917.0
783,2014-12-Dec,840,253,9,-74.0,913.0
784,2014-12-Dec,841,254,9,-75.0,914.0
790,2014-12-Dec,842,255,9,-69.0,914.0
793,2014-12-Dec,843,255,9,-69.0,916.0
788,2014-12-Dec,844,256,9,-68.0,917.0
786,2014-12-Dec,845,257,9,-73.0,920.0
785,2014-12-Dec,846,257,9,-74.0,925.0
791,2014-12-Dec,847,258,9,-69.0,918.0
792,2014-12-Dec,848,258,9,-69.0,918.0
787,2014-12-Dec,849,259,9,-69.0,918.0
789,2014-12-Dec,850,260,9,-68.0,918.0
794,2014-12-Dec,851,260,9,-68.0,919.0
797,2014-12-Dec,852,261,9,-73.0,916.0
796,2014-12-Dec,853,262,9,-67.0,913.0
798,2014-12-Dec,854,262,9,-66.0,910.0
799,2015-01-Jan,855,263,9,-69.0,912.0
795,2015-01-Jan,856,264,9,-68.0,912.0
801,2015-01-Jan,857,264,9,-76.0,911.0
800,2015-01-Jan,858,265,9,-73.0,913.0
802,2015-01-Jan,859,266,9,-72.0,915.0
803,2015-01-Jan,860,266,9,-69.0,916.0
804,2015-01-Jan,861,267,9,-70.0,917.0
807,2015-01-Jan,862,268,9,-70.0,917.0
805,2015-01-Jan,863,268,9,-72.0,916.0
806,2015-01-Jan,864,269,9,-70.0,914.0
808,2015-01-Jan,865,270,10,-70.0,913.0
809,2015-01-Jan,866,270,10,-71.0,911.0
810,2015-01-Jan,867,271,10,-71.0,910.0
811,2015-01-Jan,868,271,10,-71.0,908.0
812,2015-01-Jan,869,272,10,-72.0,906.0
813,2015-01-Jan,870,273,10,-74.0,909.0
814,2015-01-Jan,871,273,10,-70.0,903.0
815,2015-01-Jan,872,274,10,-72.0,902.0
817,2015-01-Jan,881,280,10,-73.0,899.0
818,2015-01-Jan,882,280,10,-76.0,901.0
820,2015-01-Jan,883,281,10,-74.0,897.0
821,2015-01-Jan,884,282,10,-71.0,897.0
819,2015-02-Feb,885,282,10,-71.0,895.0
823,2015-02-Feb,886,283,10,-73.0,894.0
822,2015-02-Feb,887,284,10,-73.0,897.0
824,2015-02-Feb,888,284,10,-70.0,896.0
825,2015-02-Feb,889,285,10,-70.0,895.0
826,2015-02-Feb,890,286,10,-72.0,892.0
827,2015-02-Feb,891,286,10,-72.0,892.0
828,2015-02-Feb,892,287,10,-71.0,892.0
829,2015-02-Feb,893,287,10,-72.0,890.0
830,2015-02-Feb,894,288,10,-75.0,891.0
831,2015-02-Feb,895,289,10,-72.0,889.0
833,2015-02-Feb,896,289,10,-70.0,888.0
832,2015-02-Feb,897,290,10,-72.0,884.0
834,2015-02-Feb,898,291,10,-72.0,883.0
835,2015-02-Feb,899,291,10,-75.0,881.0
836,2015-02-Feb,900,292,10,-70.0,883.0
837,2015-02-Feb,901,292,10,-71.0,885.0
838,2015-02-Feb,902,293,10,-68.0,883.0
839,2015-02-Feb,903,294,10,-71.0,882.0
841,2015-02-Feb,904,294,10,-71.0,878.0
840,2015-02-Feb,905,295,10,-71.0,880.0
843,2015-02-Feb,906,296,10,-76.0,878.0
842,2015-02-Feb,907,296,10,-75.0,879.0
844,2015-02-Feb,908,297,10,-71.0,883.0
845,2015-02-Feb,909,297,10,-70.0,878.0
847,2015-02-Feb,910,298,10,-73.0,878.0
846,2015-02-Feb,911,299,10,-70.0,874.0
849,2015-03-Mar,912,299,10,-75.0,875.0
848,2015-03-Mar,913,300,11,-71.0,871.0
850,2015-03-Mar,914,300,11,-71.0,874.0
851,2015-03-Mar,915,301,11,-71.0,878.0
852,2015-03-Mar,916,302,11,-71.0,872.0
854,2015-03-Mar,917,302,11,-76.0,871.0
853,2015-03-Mar,918,303,11,-71.0,867.0
855,2015-03-Mar,919,304,11,-74.0,870.0
856,2015-03-Mar,920,304,11,-72.0,868.0
857,2015-03-Mar,921,305,11,-70.0,867.0
858,2015-03-Mar,922,305,11,-73.0,870.0
859,2015-03-Mar,923,306,11,-72.0,867.0
861,2015-03-Mar,924,307,11,-74.0,867.0
860,2015-03-Mar,925,307,11,-71.0,862.0
862,2015-03-Mar,926,308,11,-76.0,864.0
863,2015-03-Mar,927,308,11,-76.0,862.0
864,2015-03-Mar,928,309,11,-72.0,862.0
865,2015-03-Mar,929,310,11,-75.0,866.0
868,2015-03-Mar,930,310,11,-75.0,865.0
867,2015-03-Mar,931,311,11,-69.0,864.0
866,2015-03-Mar,932,311,11,-71.0,859.0
869,2015-03-Mar,933,312,11,-71.0,863.0
870,2015-03-Mar,934,313,11,-73.0,858.0
872,2015-03-Mar,935,313,11,-75.0,862.0
871,2015-03-Mar,936,314,11,-72.0,865.0
874,2015-03-Mar,937,314,11,-73.0,863.0
876,2015-03-Mar,940,316,11,-73.0,861.0
875,2015-03-Mar,941,317,11,-74.0,857.0
880,2015-03-Mar,942,317,11,-74.0,857.0
877,2015-04-Apr,943,318,11,-73.0,854.0
878,2015-04-Apr,944,318,11,-70.0,852.0
881,2015-04-Apr,945,319,11,-72.0,851.0
879,2015-04-Apr,946,320,11,-77.0,850.0
882,2015-04-Apr,947,320,11,-70.0,853.0
883,2015-04-Apr,948,321,11,-73.0,854.0
884,2015-04-Apr,949,321,11,-72.0,851.0
885,2015-04-Apr,950,322,11,-73.0,850.0
888,2015-04-Apr,951,323,11,-75.0,849.0
886,2015-04-Apr,952,323,11,-69.0,847.0
887,2015-04-Apr,953,324,11,-71.0,847.0
889,2015-04-Apr,954,324,11,-73.0,847.0
892,2015-04-Apr,958,327,11,-74.0,848.0
891,2015-04-Apr,959,327,11,-78.0,846.0
893,2015-04-Apr,960,328,11,-76.0,846.0
895,2015-04-Apr,961,328,11,-71.0,849.0
894,2015-04-Apr,962,329,11,-73.0,845.0
896,2015-04-Apr,963,329,11,-71.0,850.0
897,2015-04-Apr,964,330,12,-72.0,847.0
898,2015-04-Apr,965,331,12,-75.0,847.0
900,2015-04-Apr,966,331,12,-73.0,850.0
899,2015-04-Apr,967,332,12,-74.0,844.0
901,2015-04-Apr,968,332,12,-71.0,848.0
902,2015-04-Apr,969,333,12,-72.0,844.0
903,2015-04-Apr,970,333,12,-71.0,849.0
906,2015-04-Apr,971,334,12,-71.0,848.0
904,2015-05-May,972,334,12,-73.0,847.0
905,2015-05-May,973,335,12,-72.0,844.0
907,2015-05-May,974,336,12,-73.0,842.0
908,2015-05-May,975,336,12,-73.0,843.0
909,2015-05-May,976,337,12,-75.0,842.0
910,2015-05-May,977,337,12,-75.0,841.0
913,2015-05-May,978,338,12,-73.0,842.0
912,2015-05-May,979,338,12,-79.0,841.0
911,2015-05-May,980,339,12,-73.0,840.0
914,2015-05-May,981,339,12,-73.0,841.0
917,2015-05-May,982,340,12,-74.0,840.0
916,2015-05-May,983,340,12,-76.0,840.0
915,2015-05-May,984,341,12,-74.0,840.0
918,2015-05-May,985,342,12,-78.0,840.0
919,2015-05-May,986,342,12,-74.0,840.0
920,2015-05-May,987,343,12,-74.0,839.0
922,2015-05-May,988,343,12,-75.0,840.0
921,2015-05-May,989,344,12,-74.0,841.0
923,2015-05-May,990,344,12,-76.0,839.0
926,2015-05-May,991,345,12,-73.0,840.0
924,2015-05-May,992,345,12,-73.0,842.0
927,2015-05-May,993,346,12,-73.0,840.0
925,2015-05-May,994,346,12,-79.0,842.0
929,2015-05-May,995,347,12,-74.0,842.0
928,2015-05-May,996,348,12,-72.0,842.0
930,2015-05-May,997,348,12,-74.0,843.0
931,2015-05-May,998,349,12,-73.0,842.0
932,2015-05-May,1000,350,12,-74.0,841.0
933,2015-05-May,1001,350,12,-79.0,843.0
936,2015-06-Jun,1002,351,12,-77.0,844.0
934,2015-06-Jun,1003,351,12,-74.0,843.0
935,2015-06-Jun,1004,352,12,-74.0,842.0
939,2015-06-Jun,1005,352,12,-75.0,843.0
941,2015-06-Jun,1006,353,12,-78.0,844.0
937,2015-06-Jun,1007,353,12,-79.0,845.0
940,2015-06-Jun,1008,354,12,-79.0,844.0
946,2015-06-Jun,1009,354,12,-75.0,845.0
947,2015-06-Jun,1010,355,12,-74.0,846.0
948,2015-06-Jun,1011,355,12,-78.0,845.0
949,2015-06-Jun,1012,356,12,-81.0,846.0
953,2015-06-Jun,1013,356,12,-80.0,846.0
950,2015-06-Jun,1014,357,12,-77.0,846.0
951,2015-06-Jun,1015,357,12,-75.0,847.0
952,2015-06-Jun,1016,358,12,-76.0,847.0
955,2015-06-Jun,1017,359,12,-78.0,850.0
956,2015-06-Jun,1018,359,12,-79.0,850.0
954,2015-06-Jun,1019,0,1,-81.0,849.0
938,2015-06-Jun,1020,0,1,-63.0,832.0
942,2015-06-Jun,1021,1,1,-76.0,850.0
944,2015-06-Jun,1022,1,1,-75.0,852.0
943,2015-06-Jun,1023,2,1,-76.0,851.0
945,2015-06-Jun,1024,2,1,-76.0,851.0
958,2015-06-Jun,1025,3,1,-74.0,851.0
957,2015-06-Jun,1026,3,1,-78.0,851.0
960,2015-06-Jun,1028,4,1,-75.0,853.0
959,2015-06-Jun,1029,5,1,-75.0,856.0
961,2015-06-Jun,1030,5,1,-77.0,855.0
963,2015-07-Jul,1031,6,1,-76.0,854.0
962,2015-07-Jul,1032,6,1,-74.0,854.0
965,2015-07-Jul,1033,7,1,-77.0,856.0
964,2015-07-Jul,1034,7,1,-76.0,859.0
966,2015-07-Jul,1035,8,1,-77.0,857.0
967,2015-07-Jul,1036,8,1,-76.0,856.0
968,2015-07-Jul,1037,9,1,-80.0,856.0
969,2015-07-Jul,1038,9,1,-76.0,858.0
970,2015-07-Jul,1039,10,1,-77.0,857.0
972,2015-07-Jul,1040,10,1,-77.0,858.0
971,2015-07-Jul,1041,11,1,-77.0,859.0
973,2015-07-Jul,1042,11,1,-76.0,859.0
974,2015-07-Jul,1043,12,1,-77.0,860.0
975,2015-07-Jul,1044,12,1,-79.0,860.0
978,2015-07-Jul,1045,13,1,-80.0,861.0
979,2015-07-Jul,1046,13,1,-77.0,862.0
977,2015-07-Jul,1047,14,1,-77.0,863.0
976,2015-07-Jul,1048,14,1,-78.0,864.0
980,2015-07-Jul,1049,15,1,-75.0,864.0
981,2015-07-Jul,1050,15,1,-76.0,863.0
983,2015-07-Jul,1051,16,1,-76.0,864.0
982,2015-07-Jul,1052,16,1,-78.0,865.0
984,2015-07-Jul,1053,17,1,-79.0,865.0
985,2015-07-Jul,1054,17,1,-77.0,867.0
987,2015-07-Jul,1055,17,1,-77.0,868.0
986,2015-07-Jul,1056,18,1,-76.0,868.0
988,2015-07-Jul,1057,18,1,-78.0,867.0
989,2015-07-Jul,1058,19,1,-78.0,868.0
990,2015-07-Jul,1059,19,1,-78.0,870.0
992,2015-07-Jul,1060,20,1,-78.0,870.0
993,2015-08-Aug,1061,20,1,-77.0,871.0
991,2015-08-Aug,1062,21,1,-77.0,871.0
994,2015-08-Aug,1063,21,1,-79.0,871.0
996,2015-08-Aug,1064,22,1,-77.0,871.0
995,2015-08-Aug,1065,22,1,-78.0,873.0
997,2015-08-Aug,1066,23,1,-78.0,875.0
998,2015-08-Aug,1067,23,1,-79.0,875.0
1000,2015-08-Aug,1068,24,1,-76.0,874.0
999,2015-08-Aug,1069,24,1,-77.0,876.0
1001,2015-08-Aug,1070,25,1,-80.0,877.0
1002,2015-08-Aug,1071,25,1,-78.0,878.0
1003,2015-08-Aug,1072,26,1,-78.0,879.0
1004,2015-08-Aug,1073,26,1,-82.0,879.0
1005,2015-08-Aug,1074,27,1,-77.0,878.0
1006,2015-08-Aug,1075,27,1,-77.0,879.0
1007,2015-08-Aug,1076,28,1,-81.0,880.0
1008,2015-08-Aug,1077,28,1,-79.0,880.0
1009,2015-08-Aug,1078,29,1,-80.0,881.0
1010,2015-08-Aug,1079,29,1,-80.0,882.0
1013,2015-08-Aug,1080,29,1,-77.0,882.0
1011,2015-08-Aug,1081,30,2,-77.0,882.0
1012,2015-08-Aug,1082,30,2,-79.0,882.0
1014,2015-08-Aug,1083,31,2,-80.0,883.0
1015,2015-08-Aug,1084,31,2,-78.0,885.0
1017,2015-08-Aug,1085,32,2,-79.0,886.0
1016,2015-08-Aug,1086,32,2,-77.0,885.0
1019,2015-08-Aug,1087,33,2,-78.0,885.0
1020,2015-08-Aug,1088,33,2,-77.0,885.0
1018,2015-08-Aug,1089,34,2,-76.0,885.0
1021,2015-08-Aug,1090,34,2,-78.0,886.0
1022,2015-09-Sep,1091,35,2,-77.0,886.0
1023,2015-09-Sep,1092,35,2,-79.0,886.0
1024,2015-09-Sep,1093,36,2,-77.0,887.0
1026,2015-09-Sep,1094,36,2,-80.0,888.0
1027,2015-09-Sep,1095,36,2,-79.0,888.0
1025,2015-09-Sep,1096,37,2,-79.0,888.0
1028,2015-09-Sep,1097,37,2,-78.0,889.0
1029,2015-09-Sep,1098,38,2,-77.0,890.0
1030,2015-09-Sep,1099,38,2,-78.0,891.0
1031,2015-09-Sep,1100,39,2,-79.0,890.0
1034,2015-09-Sep,1101,39,2,-80.0,891.0
1032,2015-09-Sep,1102,40,2,-84.0,892.0
1033,2015-09-Sep,1103,40,2,-81.0,893.0
1035,2015-09-Sep,1104,41,2,-79.0,893.0
1036,2015-09-Sep,1105,41,2,-78.0,892.0
1037,2015-09-Sep,1106,42,2,-82.0,893.0
1040,2015-09-Sep,1107,42,2,-79.0,893.0
1038,2015-09-Sep,1108,42,2,-78.0,895.0
1039,2015-09-Sep,1109,43,2,-82.0,895.0
1041,2015-09-Sep,1110,43,2,-81.0,895.0
1042,2015-09-Sep,1111,44,2,-79.0,896.0
1043,2015-09-Sep,1112,44,2,-80.0,895.0
1044,2015-09-Sep,1113,45,2,-79.0,895.0
1045,2015-09-Sep,1114,45,2,-79.0,896.0
1047,2015-09-Sep,1115,46,2,-80.0,897.0
1046,2015-09-Sep,1116,46,2,-79.0,898.0
1048,2015-09-Sep,1117,47,2,-79.0,898.0
1049,2015-09-Sep,1118,47,2,-80.0,898.0
1050,2015-09-Sep,1119,48,2,-81.0,899.0
1051,2015-09-Sep,1120,48,2,-80.0,900.0
1052,2015-10-Oct,1121,48,2,-81.0,901.0
1053,2015-10-Oct,1122,49,2,-79.0,901.0
1054,2015-10-Oct,1123,49,2,-79.0,900.0
1055,2015-10-Oct,1124,50,2,-80.0,900.0
1056,2015-10-Oct,1125,50,2,-79.0,900.0
1057,2015-10-Oct,1126,51,2,-79.0,901.0
1058,2015-10-Oct,1127,51,2,-80.0,901.0
1059,2015-10-Oct,1128,52,2,-79.0,902.0
1060,2015-10-Oct,1129,52,2,-80.0,902.0
1061,2015-10-Oct,1130,53,2,-81.0,902.0
1062,2015-10-Oct,1131,53,2,-81.0,902.0
1063,2015-10-Oct,1132,53,2,-82.0,902.0
1064,2015-10-Oct,1133,54,2,-82.0,902.0
1065,2015-10-Oct,1134,54,2,-80.0,902.0
1069,2015-10-Oct,1135,55,2,-81.0,901.0
1066,2015-10-Oct,1136,55,2,-82.0,901.0
1068,2015-10-Oct,1137,56,2,-81.0,901.0
1067,2015-10-Oct,1138,56,2,-82.0,901.0
1070,2015-10-Oct,1139,57,2,-80.0,901.0
1071,2015-10-Oct,1140,57,2,-81.0,901.0
1072,2015-10-Oct,1141,57,2,-82.0,902.0
1073,2015-10-Oct,1142,58,2,-82.0,902.0
1074,2015-10-Oct,1143,58,2,-82.0,901.0
1075,2015-10-Oct,1144,59,2,-82.0,902.0
1076,2015-10-Oct,1145,59,2,-82.0,903.0
1077,2015-10-Oct,1146,60,3,-82.0,902.0
1078,2015-10-Oct,1147,60,3,-80.0,901.0
1080,2015-10-Oct,1148,61,3,-80.0,901.0
1079,2015-10-Oct,1149,61,3,-81.0,902.0
1081,2015-10-Oct,1150,62,3,-82.0,902.0
1082,2015-11-Nov,1151,62,3,-82.0,901.0
1086,2015-11-Nov,1152,62,3,-80.0,901.0
1083,2015-11-Nov,1153,63,3,-82.0,900.0
1088,2015-11-Nov,1154,63,3,-84.0,900.0
1084,2015-11-Nov,1155,64,3,-84.0,900.0
1085,2015-11-Nov,1156,64,3,-84.0,900.0
1087,2015-11-Nov,1157,65,3,-82.0,900.0
1089,2015-11-Nov,1158,65,3,-82.0,898.0
1090,2015-11-Nov,1159,66,3,-82.0,898.0
1091,2015-11-Nov,1160,66,3,-80.0,899.0
1092,2015-11-Nov,1161,66,3,-83.0,898.0
1093,2015-11-Nov,1162,67,3,-84.0,897.0
1094,2015-11-Nov,1163,67,3,-86.0,896.0
1095,2015-11-Nov,1164,68,3,-86.0,896.0
1096,2015-11-Nov,1165,68,3,-84.0,897.0
1097,2015-11-Nov,1166,69,3,-84.0,895.0
1098,2015-11-Nov,1167,69,3,-84.0,894.0
1102,2015-11-Nov,1168,70,3,-84.0,894.0
1100,2015-11-Nov,1169,70,3,-89.0,894.0
1101,2015-11-Nov,1170,71,3,-85.0,893.0
1099,2015-11-Nov,1171,71,3,-87.0,892.0
1104,2015-11-Nov,1172,71,3,-87.0,892.0
1103,2015-11-Nov,1173,72,3,-87.0,892.0
1105,2015-11-Nov,1174,72,3,-85.0,891.0
1106,2015-11-Nov,1175,73,3,-85.0,890.0
1107,2015-11-Nov,1176,73,3,-84.0,890.0
1108,2015-11-Nov,1177,74,3,-84.0,888.0
1109,2015-11-Nov,1178,74,3,-86.0,888.0
1110,2015-11-Nov,1179,75,3,-85.0,887.0
1111,2015-12-Dec,1180,75,3,-86.0,886.0
1112,2015-12-Dec,1181,75,3,-86.0,885.0
1114,2015-12-Dec,1182,76,3,-85.0,884.0
1113,2015-12-Dec,1183,76,3,-86.0,883.0
1115,2015-12-Dec,1184,77,3,-85.0,882.0
1116,2015-12-Dec,1185,77,3,-84.0,881.0
1117,2015-12-Dec,1186,78,3,-86.0,881.0
1118,2015-12-Dec,1187,78,3,-84.0,881.0
1119,2015-12-Dec,1188,79,3,-90.0,881.0
1120,2015-12-Dec,1189,79,3,-87.0,879.0
1121,2015-12-Dec,1190,79,3,-87.0,877.0
1122,2015-12-Dec,1191,80,3,-87.0,876.0
1123,2015-12-Dec,1192,80,3,-86.0,876.0
1124,2015-12-Dec,1193,81,3,-84.0,875.0
1125,2015-12-Dec,1194,81,3,-84.0,873.0
1126,2015-12-Dec,1195,82,3,-86.0,872.0
1129,2015-12-Dec,1196,82,3,-86.0,871.0
1127,2015-12-Dec,1197,83,3,-85.0,869.0
1128,2015-12-Dec,1198,83,3,-86.0,868.0
1130,2015-12-Dec,1199,84,3,-86.0,868.0
1131,2015-12-Dec,1200,84,3,-84.0,866.0
1132,2015-12-Dec,1201,84,3,-85.0,866.0
1133,2015-12-Dec,1202,85,3,-85.0,864.0
1136,2015-12-Dec,1203,85,3,-85.0,863.0
1135,2015-12-Dec,1204,86,3,-84.0,862.0
1134,2015-12-Dec,1205,86,3,-86.0,861.0
1137,2015-12-Dec,1206,87,3,-85.0,859.0
1138,2015-12-Dec,1207,87,3,-85.0,858.0
1139,2015-12-Dec,1208,88,3,-85.0,857.0
1141,2015-12-Dec,1209,88,3,-85.0,855.0
1140,2016-01-Jan,1210,88,3,-85.0,854.0
1142,2016-01-Jan,1211,89,3,-83.0,853.0
1143,2016-01-Jan,1212,89,3,-86.0,851.0
1145,2016-01-Jan,1213,90,4,-84.0,851.0
1144,2016-01-Jan,1214,90,4,-85.0,849.0
1146,2016-01-Jan,1215,91,4,-85.0,848.0
1147,2016-01-Jan,1216,91,4,-86.0,847.0
1148,2016-01-Jan,1217,92,4,-88.0,846.0
1149,2016-01-Jan,1218,92,4,-86.0,845.0
1150,2016-01-Jan,1219,93,4,-87.0,844.0
1151,2016-01-Jan,1220,93,4,-87.0,842.0
1152,2016-01-Jan,1221,93,4,-87.0,841.0
1153,2016-01-Jan,1222,94,4,-87.0,840.0
1155,2016-01-Jan,1223,94,4,-88.0,839.0
1154,2016-01-Jan,1224,95,4,-88.0,837.0
1156,2016-01-Jan,1225,95,4,-87.0,836.0
1157,2016-01-Jan,1226,96,4,-87.0,835.0
1158,2016-01-Jan,1227,96,4,-88.0,833.0
1159,2016-01-Jan,1228,97,4,-88.0,832.0
1160,2016-01-Jan,1229,97,4,-88.0,831.0
1161,2016-01-Jan,1230,98,4,-88.0,830.0
1162,2016-01-Jan,1231,98,4,-88.0,828.0
1163,2016-01-Jan,1232,99,4,-88.0,827.0
1164,2016-01-Jan,1233,99,4,-88.0,826.0
1166,2016-01-Jan,1234,99,4,-88.0,824.0
1165,2016-01-Jan,1235,100,4,-88.0,824.0
1170,2016-01-Jan,1236,100,4,-87.0,822.0
1169,2016-01-Jan,1237,101,4,-88.0,820.0
1167,2016-01-Jan,1238,101,4,-87.0,819.0
1168,2016-01-Jan,1239,102,4,-89.0,818.0
1171,2016-02-Feb,1240,102,4,-87.0,816.0
1172,2016-02-Feb,1241,103,4,-87.0,816.0
1173,2016-02-Feb,1242,103,4,-87.0,815.0
1174,2016-02-Feb,1243,104,4,-86.0,814.0
1175,2016-02-Feb,1244,104,4,-85.0,812.0
1176,2016-02-Feb,1245,105,4,-86.0,811.0
1178,2016-02-Feb,1246,105,4,-85.0,810.0
1177,2016-02-Feb,1247,105,4,-85.0,809.0
1179,2016-02-Feb,1248,106,4,-86.0,807.0
1180,2016-02-Feb,1249,106,4,-85.0,806.0
1182,2016-02-Feb,1250,107,4,-85.0,804.0
1185,2016-02-Feb,1251,107,4,-85.0,803.0
1184,2016-02-Feb,1252,108,4,-85.0,802.0
1181,2016-02-Feb,1253,108,4,-85.0,800.0
1183,2016-02-Feb,1254,109,4,-84.0,799.0
1187,2016-02-Feb,1255,109,4,-84.0,798.0
1186,2016-02-Feb,1256,110,4,-84.0,797.0
1188,2016-02-Feb,1257,110,4,-84.0,794.0
1189,2016-02-Feb,1258,111,4,-83.0,794.0
1190,2016-02-Feb,1259,111,4,-84.0,794.0
1191,2016-02-Feb,1260,112,4,-83.0,792.0
1192,2016-02-Feb,1261,112,4,-81.0,790.0
1193,2016-02-Feb,1262,112,4,-81.0,790.0
1194,2016-02-Feb,1263,113,4,-84.0,788.0
1195,2016-02-Feb,1264,113,4,-84.0,787.0
1197,2016-02-Feb,1265,114,4,-81.0,787.0
1196,2016-02-Feb,1266,114,4,-82.0,787.0
1198,2016-02-Feb,1267,115,4,-83.0,786.0
1199,2016-02-Feb,1268,115,4,-83.0,784.0
1201,2016-03-Mar,1269,116,4,-83.0,782.0
1200,2016-03-Mar,1270,116,4,-82.0,782.0
1202,2016-03-Mar,1271,117,4,-84.0,781.0
1203,2016-03-Mar,1272,117,4,-81.0,780.0
1204,2016-03-Mar,1273,118,4,-79.0,778.0
1205,2016-03-Mar,1274,118,4,-82.0,777.0
1206,2016-03-Mar,1275,119,4,-82.0,775.0
1207,2016-03-Mar,1276,119,4,-83.0,774.0
1208,2016-03-Mar,1277,120,5,-84.0,774.0
1210,2016-03-Mar,1278,120,5,-83.0,773.0
1209,2016-03-Mar,1279,121,5,-83.0,772.0
1211,2016-03-Mar,1280,121,5,-84.0,771.0
1212,2016-03-Mar,1281,122,5,-83.0,769.0
1213,2016-03-Mar,1282,122,5,-81.0,768.0
1214,2016-03-Mar,1283,123,5,-82.0,767.0
1216,2016-03-Mar,1284,123,5,-80.0,767.0
1217,2016-03-Mar,1285,123,5,-80.0,766.0
1215,2016-03-Mar,1286,124,5,-80.0,765.0
1218,2016-03-Mar,1287,124,5,-80.0,764.0
1219,2016-03-Mar,1288,125,5,-80.0,763.0
1220,2016-03-Mar,1291,126,5,-80.0,760.0
1222,2016-03-Mar,1292,127,5,-81.0,760.0
1221,2016-03-Mar,1293,127,5,-81.0,758.0
1223,2016-03-Mar,1294,128,5,-79.0,758.0
1224,2016-03-Mar,1295,128,5,-79.0,757.0
1226,2016-03-Mar,1296,129,5,-79.0,756.0
1225,2016-03-Mar,1297,129,5,-80.0,755.0
1229,2016-03-Mar,1298,130,5,-79.0,755.0
1228,2016-04-Apr,1299,130,5,-80.0,753.0
1227,2016-04-Apr,1300,131,5,-79.0,752.0
1230,2016-04-Apr,1301,131,5,-78.0,752.0
1231,2016-04-Apr,1302,132,5,-80.0,751.0
1232,2016-04-Apr,1303,132,5,-78.0,751.0
1233,2016-04-Apr,1304,133,5,-80.0,750.0
1235,2016-04-Apr,1305,133,5,-80.0,749.0
1234,2016-04-Apr,1306,134,5,-79.0,748.0
1236,2016-04-Apr,1307,134,5,-80.0,748.0
1237,2016-04-Apr,1308,135,5,-81.0,748.0
1238,2016-04-Apr,1309,135,5,-81.0,747.0
1239,2016-04-Apr,1310,136,5,-76.0,745.0
1240,2016-04-Apr,1311,136,5,-78.0,745.0
1243,2016-04-Apr,1312,137,5,-77.0,745.0
1241,2016-04-Apr,1313,137,5,-77.0,745.0
1242,2016-04-Apr,1314,138,5,-78.0,744.0
1244,2016-04-Apr,1315,138,5,-77.0,744.0
1245,2016-04-Apr,1316,139,5,-80.0,744.0
1246,2016-04-Apr,1317,139,5,-80.0,743.0
1247,2016-04-Apr,1318,140,5,-80.0,743.0
1248,2016-04-Apr,1319,140,5,-78.0,742.0
1250,2016-04-Apr,1320,141,5,-77.0,741.0
1249,2016-04-Apr,1321,141,5,-77.0,740.0
1251,2016-04-Apr,1322,142,5,-78.0,740.0
1252,2016-04-Apr,1323,142,5,-77.0,738.0
1253,2016-04-Apr,1324,143,5,-78.0,738.0
1256,2016-04-Apr,1325,144,5,-78.0,738.0
1254,2016-04-Apr,1326,144,5,-77.0,738.0
1255,2016-04-Apr,1327,145,5,-76.0,736.0
1257,2016-05-May,1328,145,5,-77.0,735.0
1258,2016-05-May,1329,146,5,-74.0,735.0
1259,2016-05-May,1330,146,5,-78.0,734.0
1260,2016-05-May,1331,147,5,-76.0,734.0
1262,2016-05-May,1332,147,5,-78.0,734.0
1263,2016-05-May,1333,148,5,-76.0,733.0
1261,2016-05-May,1334,148,5,-77.0,732.0
1264,2016-05-May,1335,149,5,-77.0,732.0
1265,2016-05-May,1336,149,5,-75.0,732.0
1266,2016-05-May,1337,150,6,-76.0,734.0
1267,2016-05-May,1338,150,6,-75.0,734.0
1268,2016-05-May,1339,151,6,-77.0,733.0
1269,2016-05-May,1340,151,6,-76.0,734.0
1270,2016-05-May,1341,152,6,-76.0,735.0
1271,2016-05-May,1342,152,6,-80.0,735.0
1272,2016-05-May,1343,153,6,-74.0,735.0
1273,2016-05-May,1344,153,6,-75.0,734.0
1276,2016-05-May,1345,154,6,-75.0,735.0
1274,2016-05-May,1346,155,6,-75.0,737.0
1277,2016-05-May,1347,155,6,-75.0,736.0
1275,2016-05-May,1348,156,6,-76.0,735.0
1278,2016-05-May,1349,156,6,-73.0,737.0
1279,2016-05-May,1350,157,6,-73.0,738.0
1280,2016-05-May,1351,157,6,-72.0,739.0
1283,2016-05-May,1352,158,6,-73.0,736.0
1281,2016-05-May,1353,158,6,-76.0,737.0
1282,2016-05-May,1354,159,6,-75.0,739.0
1284,2016-05-May,1355,159,6,-75.0,740.0
1286,2016-05-May,1356,160,6,-74.0,739.0
1285,2016-05-May,1357,160,6,-72.0,738.0
1287,2016-06-Jun,1358,161,6,-74.0,738.0
1288,2016-06-Jun,1359,162,6,-76.0,739.0
1289,2016-06-Jun,1360,162,6,-76.0,739.0
1290,2016-06-Jun,1361,163,6,-75.0,739.0
1291,2016-06-Jun,1362,163,6,-74.0,739.0
1292,2016-06-Jun,1363,164,6,-75.0,740.0
1293,2016-06-Jun,1364,164,6,-74.0,740.0
1294,2016-06-Jun,1365,165,6,-74.0,739.0
1295,2016-06-Jun,1366,165,6,-75.0,740.0
1296,2016-06-Jun,1367,166,6,-74.0,743.0
1297,2016-06-Jun,1368,167,6,-74.0,743.0
1299,2016-06-Jun,1369,167,6,-73.0,742.0
1298,2016-06-Jun,1370,168,6,-74.0,744.0
1301,2016-06-Jun,1371,168,6,-75.0,746.0
1300,2016-06-Jun,1372,169,6,-74.0,745.0
1303,2016-06-Jun,1373,169,6,-74.0,746.0
1302,2016-06-Jun,1374,170,6,-75.0,748.0
1304,2016-06-Jun,1375,170,6,-73.0,749.0
1305,2016-06-Jun,1376,171,6,-75.0,749.0
1306,2016-06-Jun,1377,172,6,-76.0,749.0
1308,2016-06-Jun,1378,172,6,-76.0,751.0
1307,2016-06-Jun,1379,173,6,-77.0,751.0
1311,2016-06-Jun,1380,173,6,-74.0,751.0
1309,2016-06-Jun,1381,174,6,-73.0,751.0
1310,2016-06-Jun,1382,174,6,-76.0,752.0
1312,2016-06-Jun,1383,175,6,-73.0,752.0
1313,2016-06-Jun,1384,176,6,-74.0,753.0
1314,2016-06-Jun,1385,176,6,-75.0,755.0
1315,2016-06-Jun,1386,177,6,-74.0,755.0
1316,2016-07-Jul,1387,177,6,-74.0,755.0
1317,2016-07-Jul,1388,178,6,-73.0,756.0
1318,2016-07-Jul,1398,184,7,-66.0,751.0
1319,2016-07-Jul,1399,184,7,-73.0,770.0
1322,2016-07-Jul,1400,185,7,-73.0,770.0
1321,2016-07-Jul,1401,185,7,-73.0,770.0
1320,2016-07-Jul,1402,186,7,-75.0,771.0
1323,2016-07-Jul,1403,187,7,-75.0,771.0
1324,2016-07-Jul,1404,187,7,-75.0,774.0
1325,2016-07-Jul,1405,188,7,-75.0,775.0
1328,2016-07-Jul,1406,188,7,-76.0,775.0
1329,2016-07-Jul,1407,189,7,-74.0,779.0
1327,2016-07-Jul,1408,190,7,-75.0,779.0
1326,2016-07-Jul,1409,190,7,-74.0,781.0
1330,2016-07-Jul,1410,191,7,-72.0,782.0
1331,2016-07-Jul,1411,191,7,-72.0,782.0
1333,2016-07-Jul,1412,192,7,-78.0,784.0
1332,2016-07-Jul,1413,193,7,-72.0,784.0
1336,2016-07-Jul,1414,193,7,-73.0,785.0
1334,2016-07-Jul,1415,194,7,-72.0,787.0
1335,2016-07-Jul,1416,194,7,-72.0,791.0
1337,2016-08-Aug,1417,195,7,-70.0,791.0
1338,2016-08-Aug,1418,196,7,-73.0,793.0
1339,2016-08-Aug,1419,196,7,-73.0,793.0
1340,2016-08-Aug,1420,197,7,-71.0,793.0
1343,2016-08-Aug,1421,197,7,-72.0,797.0
1342,2016-08-Aug,1422,198,7,-72.0,798.0
1341,2016-08-Aug,1423,199,7,-71.0,800.0
1344,2016-08-Aug,1424,199,7,-72.0,803.0
1345,2016-08-Aug,1425,200,7,-72.0,804.0
1346,2016-08-Aug,1426,200,7,-71.0,803.0
1347,2016-08-Aug,1427,201,7,-72.0,807.0
1348,2016-08-Aug,1428,202,7,-72.0,808.0
1349,2016-08-Aug,1429,202,7,-70.0,810.0
1351,2016-08-Aug,1430,203,7,-69.0,810.0
1350,2016-08-Aug,1431,204,7,-69.0,811.0
1352,2016-08-Aug,1432,204,7,-71.0,813.0
1353,2016-08-Aug,1433,205,7,-70.0,818.0
1356,2016-08-Aug,1434,205,7,-70.0,818.0
1355,2016-08-Aug,1435,206,7,-71.0,823.0
1354,2016-08-Aug,1436,207,7,-72.0,825.0
1357,2016-08-Aug,1437,207,7,-71.0,821.0
1358,2016-08-Aug,1438,208,7,-68.0,823.0
1360,2016-08-Aug,1439,208,7,-71.0,828.0
1359,2016-08-Aug,1440,209,7,-70.0,828.0
1361,2016-08-Aug,1441,210,8,-74.0,828.0
1362,2016-08-Aug,1442,210,8,-68.0,829.0
1363,2016-08-Aug,1443,211,8,-69.0,831.0
1364,2016-08-Aug,1444,212,8,-69.0,833.0
1365,2016-08-Aug,1445,212,8,-69.0,836.0
1366,2016-08-Aug,1446,213,8,-70.0,841.0
1367,2016-08-Aug,1447,214,8,-74.0,841.0
1369,2016-09-Sep,1448,214,8,-69.0,841.0
1368,2016-09-Sep,1449,215,8,-71.0,841.0
1370,2016-09-Sep,1450,215,8,-69.0,842.0
1371,2016-09-Sep,1451,216,8,-71.0,842.0
1373,2016-09-Sep,1452,217,8,-74.0,845.0
1372,2016-09-Sep,1453,217,8,-73.0,850.0
1374,2016-09-Sep,1454,218,8,-69.0,854.0
1377,2016-09-Sep,1455,219,8,-70.0,858.0
1376,2016-09-Sep,1456,219,8,-69.0,859.0
1375,2016-09-Sep,1457,220,8,-69.0,860.0
1378,2016-09-Sep,1458,220,8,-69.0,859.0
1379,2016-09-Sep,1459,221,8,-71.0,861.0
1380,2016-09-Sep,1460,222,8,-70.0,865.0
1382,2016-09-Sep,1461,222,8,-69.0,870.0
1381,2016-09-Sep,1462,223,8,-68.0,871.0
1383,2016-09-Sep,1463,224,8,-68.0,871.0
1384,2016-09-Sep,1464,224,8,-71.0,871.0
1385,2016-09-Sep,1465,225,8,-68.0,870.0
1386,2016-09-Sep,1466,226,8,-67.0,873.0
1387,2016-09-Sep,1467,226,8,-69.0,877.0
1388,2016-09-Sep,1468,227,8,-70.0,879.0
1389,2016-09-Sep,1469,228,8,-72.0,881.0
1391,2016-09-Sep,1470,228,8,-70.0,879.0
1392,2016-09-Sep,1471,229,8,-71.0,880.0
1390,2016-09-Sep,1472,229,8,-68.0,879.0
1393,2016-09-Sep,1473,230,8,-67.0,881.0
1394,2016-09-Sep,1474,231,8,-68.0,889.0
1396,2016-09-Sep,1475,231,8,-72.0,890.0
1395,2016-09-Sep,1476,232,8,-69.0,888.0
1397,2016-10-Oct,1477,233,8,-72.0,888.0
1399,2016-10-Oct,1478,233,8,-68.0,887.0
1398,2016-10-Oct,1479,234,8,-66.0,890.0
1400,2016-10-Oct,1480,235,8,-68.0,893.0
1401,2016-10-Oct,1481,235,8,-70.0,893.0
1403,2016-10-Oct,1482,236,8,-68.0,893.0
1402,2016-10-Oct,1483,237,8,-68.0,892.0
1404,2016-10-Oct,1484,237,8,-68.0,895.0
1405,2016-10-Oct,1485,238,8,-71.0,899.0
1406,2016-10-Oct,1486,239,8,-71.0,901.0
1407,2016-10-Oct,1487,239,8,-68.0,901.0
1408,2016-10-Oct,1488,240,9,-69.0,902.0
1410,2016-10-Oct,1489,240,9,-68.0,903.0
1411,2016-10-Oct,1490,241,9,-66.0,904.0
1409,2016-10-Oct,1491,242,9,-69.0,906.0
1412,2016-10-Oct,1492,242,9,-68.0,910.0
1413,2016-10-Oct,1493,243,9,-70.0,905.0
1414,2016-10-Oct,1494,244,9,-70.0,904.0
1416,2016-10-Oct,1495,244,9,-71.0,903.0
1415,2016-10-Oct,1496,245,9,-72.0,906.0
1417,2016-10-Oct,1497,246,9,-68.0,909.0
1418,2016-10-Oct,1498,246,9,-68.0,907.0
1419,2016-10-Oct,1499,247,9,-69.0,903.0
1420,2016-10-Oct,1500,248,9,-70.0,903.0
1421,2016-10-Oct,1501,248,9,-69.0,903.0
1422,2016-10-Oct,1502,249,9,-69.0,907.0
1424,2016-10-Oct,1503,250,9,-70.0,909.0
1423,2016-10-Oct,1504,250,9,-69.0,910.0
1425,2016-10-Oct,1505,251,9,-69.0,906.0
1426,2016-10-Oct,1506,252,9,-71.0,907.0
1427,2016-11-Nov,1507,252,9,-70.0,907.0
1428,2016-11-Nov,1508,253,9,-70.0,907.0
1430,2016-11-Nov,1509,254,9,-70.0,910.0
1431,2016-11-Nov,1510,254,9,-70.0,908.0
1429,2016-11-Nov,1511,255,9,-77.0,908.0
1432,2016-11-Nov,1512,255,9,-78.0,906.0
1433,2016-11-Nov,1513,256,9,-74.0,907.0
1434,2016-11-Nov,1514,257,9,-73.0,906.0
1435,2016-11-Nov,1515,257,9,-76.0,906.0
1436,2016-11-Nov,1516,258,9,-71.0,909.0
1437,2016-11-Nov,1517,259,9,-76.0,911.0
1438,2016-11-Nov,1518,259,9,-78.0,909.0
1440,2016-11-Nov,1519,260,9,-72.0,906.0
1439,2016-11-Nov,1520,261,9,-73.0,905.0
1441,2016-11-Nov,1521,261,9,-71.0,905.0
1442,2016-11-Nov,1522,262,9,-71.0,905.0
1443,2016-11-Nov,1523,263,9,-77.0,905.0
1444,2016-11-Nov,1524,263,9,-76.0,904.0
1445,2016-11-Nov,1525,264,9,-74.0,902.0
1446,2016-11-Nov,1526,265,9,-72.0,900.0
1449,2016-11-Nov,1527,265,9,-71.0,900.0
1450,2016-11-Nov,1528,266,9,-72.0,898.0
1451,2016-11-Nov,1529,267,9,-73.0,900.0
1452,2016-11-Nov,1530,267,9,-71.0,899.0
1447,2016-11-Nov,1531,268,9,-76.0,900.0
1448,2016-11-Nov,1532,268,9,-72.0,900.0
1453,2016-11-Nov,1533,269,9,-72.0,896.0
1454,2016-11-Nov,1534,270,10,-73.0,898.0
1455,2016-11-Nov,1535,270,10,-73.0,900.0
1456,2016-12-Dec,1536,271,10,-71.0,901.0
1458,2016-12-Dec,1537,272,10,-74.0,900.0
1457,2016-12-Dec,1538,272,10,-73.0,898.0
1459,2016-12-Dec,1539,273,10,-74.0,896.0
1460,2016-12-Dec,1540,274,10,-72.0,896.0
1461,2016-12-Dec,1541,274,10,-76.0,895.0
1462,2016-12-Dec,1542,275,10,-73.0,895.0
1464,2016-12-Dec,1543,276,10,-74.0,896.0
1463,2016-12-Dec,1544,276,10,-71.0,894.0
1465,2016-12-Dec,1545,277,10,-73.0,891.0
1467,2016-12-Dec,1546,277,10,-73.0,889.0
1466,2016-12-Dec,1547,278,10,-75.0,887.0
1468,2016-12-Dec,1548,279,10,-76.0,887.0
1469,2016-12-Dec,1549,279,10,-76.0,887.0
1472,2016-12-Dec,1550,280,10,-71.0,888.0
1471,2016-12-Dec,1551,281,10,-71.0,886.0
1470,2016-12-Dec,1552,281,10,-74.0,886.0
1474,2016-12-Dec,1553,282,10,-77.0,884.0
1473,2016-12-Dec,1554,283,10,-70.0,882.0
1477,2016-12-Dec,1555,283,10,-71.0,883.0
1478,2016-12-Dec,1556,284,10,-72.0,883.0
1475,2016-12-Dec,1557,284,10,-70.0,883.0
1476,2016-12-Dec,1558,285,10,-72.0,880.0
1484,2016-12-Dec,1559,286,10,-76.0,879.0
1482,2016-12-Dec,1560,286,10,-76.0,877.0
1485,2016-12-Dec,1561,287,10,-77.0,877.0
1479,2016-12-Dec,1562,288,10,-73.0,877.0
1483,2016-12-Dec,1563,288,10,-75.0,879.0
1481,2016-12-Dec,1564,289,10,-70.0,877.0
1480,2016-12-Dec,1565,290,10,-72.0,874.0
1487,2017-01-Jan,1566,290,10,-76.0,876.0
1486,2017-01-Jan,1567,291,10,-70.0,872.0
1488,2017-01-Jan,1568,291,10,-71.0,876.0
1492,2017-01-Jan,1569,292,10,-70.0,873.0
1491,2017-01-Jan,1570,293,10,-71.0,873.0
1490,2017-01-Jan,1571,293,10,-70.0,873.0
1489,2017-01-Jan,1572,294,10,-81.0,869.0
1493,2017-01-Jan,1573,295,10,-74.0,872.0
1495,2017-01-Jan,1574,295,10,-72.0,868.0
1494,2017-01-Jan,1575,296,10,-73.0,871.0
1496,2017-01-Jan,1576,296,10,-72.0,869.0
1498,2017-01-Jan,1577,297,10,-72.0,866.0
1499,2017-01-Jan,1578,298,10,-74.0,868.0
1500,2017-01-Jan,1579,298,10,-73.0,862.0
1497,2017-01-Jan,1580,299,10,-72.0,867.0
1501,2017-01-Jan,1581,299,10,-72.0,862.0
1503,2017-01-Jan,1582,300,11,-74.0,862.0
1502,2017-01-Jan,1583,301,11,-75.0,862.0
1505,2017-01-Jan,1584,301,11,-77.0,860.0
1506,2017-01-Jan,1585,302,11,-76.0,864.0
1504,2017-01-Jan,1586,303,11,-72.0,858.0
1508,2017-01-Jan,1587,303,11,-73.0,860.0
1507,2017-01-Jan,1588,304,11,-72.0,858.0
1510,2017-01-Jan,1589,304,11,-72.0,857.0
1509,2017-01-Jan,1590,305,11,-76.0,860.0
1512,2017-01-Jan,1591,306,11,-73.0,852.0
1511,2017-01-Jan,1592,306,11,-71.0,857.0
1513,2017-01-Jan,1593,307,11,-72.0,852.0
1514,2017-01-Jan,1594,307,11,-74.0,855.0
1515,2017-01-Jan,1595,308,11,-71.0,855.0
1516,2017-01-Jan,1596,309,11,-74.0,850.0
1517,2017-02-Feb,1597,309,11,-73.0,855.0
1519,2017-02-Feb,1598,310,11,-70.0,849.0
1518,2017-02-Feb,1599,310,11,-72.0,853.0
1520,2017-02-Feb,1600,311,11,-71.0,850.0
1522,2017-02-Feb,1601,312,11,-71.0,853.0
1521,2017-02-Feb,1602,312,11,-77.0,852.0
1523,2017-02-Feb,1603,313,11,-76.0,847.0
1524,2017-02-Feb,1604,313,11,-77.0,850.0
1526,2017-02-Feb,1605,314,11,-73.0,846.0
1525,2017-02-Feb,1606,315,11,-75.0,850.0
1528,2017-02-Feb,1607,315,11,-77.0,846.0
1527,2017-02-Feb,1608,316,11,-72.0,847.0
1529,2017-02-Feb,1609,316,11,-71.0,847.0
1534,2017-02-Feb,1613,319,11,-72.0,846.0
1533,2017-02-Feb,1614,319,11,-73.0,837.0
1536,2017-02-Feb,1615,320,11,-73.0,842.0
1535,2017-02-Feb,1616,320,11,-73.0,848.0
1537,2017-02-Feb,1617,321,11,-72.0,840.0
1540,2017-02-Feb,1618,322,11,-71.0,845.0
1538,2017-02-Feb,1619,322,11,-73.0,841.0
1539,2017-02-Feb,1620,323,11,-70.0,844.0
1541,2017-02-Feb,1621,323,11,-73.0,842.0
1542,2017-02-Feb,1622,324,11,-71.0,841.0
1544,2017-02-Feb,1623,324,11,-71.0,840.0
1543,2017-03-Mar,1624,325,11,-72.0,837.0
1546,2017-03-Mar,1625,326,11,-71.0,839.0
1545,2017-03-Mar,1626,326,11,-71.0,839.0
1547,2017-03-Mar,1627,327,11,-72.0,838.0
1549,2017-03-Mar,1628,327,11,-71.0,839.0
1548,2017-03-Mar,1629,328,11,-74.0,837.0
1551,2017-03-Mar,1630,328,11,-77.0,838.0
1550,2017-03-Mar,1631,329,11,-77.0,837.0
1552,2017-03-Mar,1632,330,12,-72.0,836.0
1554,2017-03-Mar,1633,330,12,-75.0,834.0
1553,2017-03-Mar,1634,331,12,-72.0,834.0
1555,2017-03-Mar,1635,331,12,-73.0,833.0
1556,2017-03-Mar,1636,332,12,-72.0,834.0
1557,2017-03-Mar,1637,332,12,-73.0,833.0
1559,2017-03-Mar,1638,333,12,-73.0,833.0
1558,2017-03-Mar,1639,334,12,-71.0,832.0
1561,2017-03-Mar,1640,334,12,-72.0,832.0
1560,2017-03-Mar,1641,335,12,-72.0,831.0
1564,2017-03-Mar,1642,335,12,-72.0,829.0
1563,2017-03-Mar,1643,336,12,-74.0,832.0
1562,2017-03-Mar,1644,336,12,-74.0,832.0
1567,2017-03-Mar,1645,337,12,-74.0,832.0
1565,2017-03-Mar,1646,337,12,-74.0,831.0
1566,2017-03-Mar,1647,338,12,-73.0,831.0
1568,2017-03-Mar,1648,339,12,-73.0,830.0
1569,2017-03-Mar,1649,339,12,-74.0,830.0
1570,2017-03-Mar,1650,340,12,-75.0,833.0
1571,2017-03-Mar,1651,340,12,-77.0,833.0
1572,2017-03-Mar,1652,341,12,-76.0,834.0
1573,2017-03-Mar,1653,341,12,-75.0,833.0
1575,2017-04-Apr,1654,342,12,-75.0,829.0
1574,2017-04-Apr,1655,342,12,-76.0,831.0
1576,2017-04-Apr,1656,343,12,-75.0,832.0
1578,2017-04-Apr,1657,343,12,-75.0,836.0
1577,2017-04-Apr,1658,344,12,-77.0,835.0
1579,2017-04-Apr,1659,345,12,-77.0,832.0
1581,2017-04-Apr,1660,345,12,-74.0,832.0
1580,2017-04-Apr,1661,346,12,-75.0,831.0
1583,2017-04-Apr,1662,346,12,-75.0,831.0
1584,2017-04-Apr,1663,347,12,-74.0,832.0
1586,2017-04-Apr,1664,347,12,-74.0,832.0
1585,2017-04-Apr,1665,348,12,-76.0,833.0
1582,2017-04-Apr,1666,348,12,-76.0,834.0
1588,2017-04-Apr,1667,349,12,-76.0,833.0
1587,2017-04-Apr,1668,349,12,-77.0,831.0
1589,2017-04-Apr,1669,350,12,-74.0,833.0
1590,2017-04-Apr,1670,350,12,-76.0,834.0
1591,2017-04-Apr,1671,351,12,-76.0,832.0
1592,2017-04-Apr,1672,351,12,-74.0,833.0
1594,2017-04-Apr,1673,352,12,-75.0,836.0
1593,2017-04-Apr,1674,352,12,-75.0,835.0
1595,2017-04-Apr,1675,353,12,-75.0,835.0
1596,2017-04-Apr,1676,354,12,-76.0,837.0
1597,2017-04-Apr,1677,354,12,-74.0,835.0
1598,2017-04-Apr,1678,355,12,-74.0,836.0
1599,2017-04-Apr,1679,355,12,-75.0,836.0
1601,2017-04-Apr,1680,356,12,-74.0,835.0
1602,2017-04-Apr,1681,356,12,-74.0,837.0
1603,2017-04-Apr,1682,357,12,-76.0,839.0
1600,2017-05-May,1683,357,12,-75.0,837.0
1604,2017-05-May,1684,358,12,-75.0,837.0
1605,2017-05-May,1685,358,12,-77.0,838.0
1607,2017-05-May,1686,359,12,-75.0,838.0
1608,2017-05-May,1687,359,12,-75.0,838.0
1606,2017-05-May,1688,0,1,-76.0,840.0
1610,2017-05-May,1689,0,1,-75.0,840.0
1609,2017-05-May,1690,1,1,-76.0,840.0
1614,2017-05-May,1692,2,1,-62.0,820.0
1612,2017-05-May,1693,2,1,-76.0,840.0
1613,2017-05-May,1694,3,1,-76.0,840.0
1611,2017-05-May,1695,3,1,-77.0,840.0
1615,2017-05-May,1696,4,1,-75.0,841.0
1616,2017-05-May,1697,4,1,-77.0,841.0
1618,2017-05-May,1698,5,1,-77.0,842.0
1617,2017-05-May,1699,5,1,-76.0,843.0
1619,2017-05-May,1700,6,1,-76.0,842.0
1620,2017-05-May,1701,6,1,-76.0,841.0
1621,2017-05-May,1702,7,1,-75.0,842.0
1622,2017-05-May,1703,7,1,-76.0,843.0
1625,2017-05-May,1704,8,1,-77.0,844.0
1623,2017-05-May,1705,8,1,-76.0,845.0
1624,2017-05-May,1706,9,1,-77.0,845.0
1627,2017-05-May,1707,9,1,-77.0,846.0
1626,2017-05-May,1708,10,1,-76.0,846.0
1628,2017-05-May,1709,10,1,-76.0,847.0
1629,2017-05-May,1710,11,1,-76.0,848.0
1631,2017-05-May,1711,11,1,-75.0,848.0
1630,2017-05-May,1712,12,1,-77.0,849.0
1635,2017-06-Jun,1713,12,1,-75.0,850.0
1633,2017-06-Jun,1714,13,1,-77.0,849.0
1634,2017-06-Jun,1715,13,1,-77.0,851.0
1632,2017-06-Jun,1716,14,1,-76.0,850.0
1636,2017-06-Jun,1717,14,1,-76.0,851.0
1637,2017-06-Jun,1718,15,1,-77.0,852.0
1639,2017-06-Jun,1719,15,1,-77.0,853.0
1638,2017-06-Jun,1720,16,1,-76.0,853.0
1641,2017-06-Jun,1721,16,1,-76.0,852.0
1640,2017-06-Jun,1722,17,1,-77.0,854.0
1642,2017-06-Jun,1723,17,1,-76.0,854.0
1643,2017-06-Jun,1724,18,1,-77.0,856.0
1644,2017-06-Jun,1725,18,1,-79.0,857.0
1645,2017-06-Jun,1726,19,1,-76.0,855.0
1647,2017-06-Jun,1727,19,1,-75.0,855.0
1648,2017-06-Jun,1728,20,1,-76.0,855.0
1646,2017-06-Jun,1729,20,1,-76.0,858.0
1650,2017-06-Jun,1730,21,1,-77.0,858.0
1649,2017-06-Jun,1731,21,1,-78.0,857.0
1651,2017-06-Jun,1732,22,1,-78.0,858.0
1652,2017-06-Jun,1733,22,1,-77.0,859.0
1655,2017-06-Jun,1734,23,1,-78.0,859.0
1653,2017-06-Jun,1735,23,1,-78.0,861.0
1654,2017-06-Jun,1736,23,1,-77.0,860.0
1656,2017-06-Jun,1737,24,1,-78.0,861.0
1657,2017-06-Jun,1738,24,1,-78.0,861.0
1658,2017-06-Jun,1739,25,1,-77.0,861.0
1662,2017-06-Jun,1740,25,1,-78.0,861.0
1659,2017-06-Jun,1741,26,1,-78.0,863.0
1661,2017-06-Jun,1742,26,1,-77.0,865.0
1660,2017-07-Jul,1743,27,1,-78.0,863.0
1663,2017-07-Jul,1744,27,1,-78.0,863.0
1664,2017-07-Jul,1745,28,1,-78.0,865.0
1665,2017-07-Jul,1746,28,1,-76.0,866.0
1666,2017-07-Jul,1747,29,1,-79.0,866.0
1668,2017-07-Jul,1748,29,1,-79.0,867.0
1667,2017-07-Jul,1749,30,2,-76.0,867.0
1669,2017-07-Jul,1750,30,2,-77.0,867.0
1670,2017-07-Jul,1751,31,2,-78.0,867.0
1671,2017-07-Jul,1752,31,2,-80.0,867.0
1672,2017-07-Jul,1753,32,2,-76.0,868.0
1673,2017-07-Jul,1754,32,2,-78.0,870.0
1674,2017-07-Jul,1755,32,2,-77.0,870.0
1675,2017-07-Jul,1756,33,2,-78.0,871.0
1676,2017-07-Jul,1757,33,2,-78.0,871.0
1677,2017-07-Jul,1758,34,2,-78.0,871.0
1678,2017-07-Jul,1759,34,2,-77.0,871.0
1679,2017-07-Jul,1760,35,2,-78.0,872.0
1684,2017-07-Jul,1761,35,2,-77.0,872.0
1687,2017-07-Jul,1762,36,2,-77.0,872.0
1680,2017-07-Jul,1763,36,2,-78.0,873.0
1682,2017-07-Jul,1764,37,2,-79.0,872.0
1690,2017-07-Jul,1765,37,2,-77.0,873.0
1688,2017-07-Jul,1766,38,2,-79.0,873.0
1691,2017-07-Jul,1767,38,2,-77.0,874.0
1683,2017-07-Jul,1768,39,2,-78.0,875.0
1689,2017-07-Jul,1769,39,2,-76.0,875.0
1686,2017-07-Jul,1770,39,2,-79.0,875.0
1692,2017-07-Jul,1771,40,2,-79.0,876.0
1681,2017-07-Jul,1772,40,2,-78.0,876.0
1685,2017-08-Aug,1773,41,2,-78.0,876.0
1693,2017-08-Aug,1774,41,2,-79.0,877.0
1694,2017-08-Aug,1775,42,2,-80.0,877.0
1696,2017-08-Aug,1776,42,2,-79.0,877.0
1695,2017-08-Aug,1777,43,2,-79.0,877.0
1697,2017-08-Aug,1778,43,2,-81.0,877.0
1698,2017-08-Aug,1779,44,2,-78.0,878.0
1699,2017-08-Aug,1780,44,2,-77.0,879.0
1700,2017-08-Aug,1781,45,2,-78.0,879.0
1701,2017-08-Aug,1782,45,2,-78.0,878.0
1703,2017-08-Aug,1783,45,2,-79.0,879.0
1702,2017-08-Aug,1784,46,2,-80.0,883.0
1704,2017-08-Aug,1785,46,2,-77.0,881.0
1705,2017-08-Aug,1787,47,2,-79.0,881.0
1706,2017-08-Aug,1788,48,2,-79.0,881.0
1708,2017-08-Aug,1789,48,2,-79.0,881.0
1707,2017-08-Aug,1790,49,2,-81.0,882.0
1709,2017-08-Aug,1791,49,2,-79.0,882.0
1710,2017-08-Aug,1792,50,2,-80.0,883.0
1711,2017-08-Aug,1793,50,2,-80.0,883.0
1712,2017-08-Aug,1794,50,2,-80.0,883.0
1714,2017-08-Aug,1795,51,2,-81.0,882.0
1715,2017-08-Aug,1796,51,2,-80.0,883.0
1713,2017-08-Aug,1797,52,2,-79.0,884.0
1716,2017-08-Aug,1798,52,2,-79.0,883.0
1717,2017-08-Aug,1799,53,2,-78.0,883.0
1718,2017-08-Aug,1800,53,2,-80.0,883.0
1719,2017-08-Aug,1801,54,2,-80.0,882.0
1722,2017-08-Aug,1802,54,2,-79.0,882.0
1723,2017-09-Sep,1803,55,2,-78.0,882.0
1720,2017-09-Sep,1804,55,2,-78.0,883.0
1721,2017-09-Sep,1805,55,2,-78.0,883.0
1724,2017-09-Sep,1806,56,2,-80.0,884.0
1725,2017-09-Sep,1807,56,2,-78.0,884.0
1726,2017-09-Sep,1808,57,2,-79.0,884.0
1728,2017-09-Sep,1809,57,2,-80.0,884.0
1729,2017-09-Sep,1810,58,2,-78.0,883.0
1727,2017-09-Sep,1811,58,2,-79.0,882.0
1730,2017-09-Sep,1812,59,2,-79.0,882.0
1731,2017-09-Sep,1813,59,2,-80.0,881.0
1732,2017-09-Sep,1814,59,2,-80.0,881.0
1733,2017-09-Sep,1815,60,3,-81.0,881.0
1734,2017-09-Sep,1816,60,3,-82.0,882.0
1735,2017-09-Sep,1817,61,3,-80.0,882.0
1736,2017-09-Sep,1818,61,3,-81.0,881.0
1737,2017-09-Sep,1819,62,3,-82.0,880.0
1738,2017-09-Sep,1820,62,3,-79.0,881.0
1740,2017-09-Sep,1821,63,3,-81.0,882.0
1739,2017-09-Sep,1822,63,3,-78.0,881.0
1743,2017-09-Sep,1823,64,3,-80.0,879.0
1742,2017-09-Sep,1824,64,3,-80.0,879.0
1741,2017-09-Sep,1825,64,3,-80.0,878.0
1744,2017-09-Sep,1826,65,3,-80.0,878.0
1745,2017-09-Sep,1827,65,3,-80.0,879.0
1746,2017-09-Sep,1828,66,3,-80.0,878.0
1749,2017-09-Sep,1829,66,3,-78.0,877.0
1748,2017-09-Sep,1830,67,3,-80.0,877.0
1747,2017-09-Sep,1831,67,3,-80.0,876.0
1750,2017-10-Oct,1832,68,3,-84.0,875.0
1751,2017-10-Oct,1833,68,3,-81.0,875.0
1752,2017-10-Oct,1834,68,3,-80.0,875.0
1753,2017-10-Oct,1835,69,3,-80.0,873.0
1755,2017-10-Oct,1836,69,3,-81.0,873.0
1756,2017-10-Oct,1837,70,3,-81.0,872.0
1754,2017-10-Oct,1838,70,3,-79.0,872.0
1757,2017-10-Oct,1839,71,3,-80.0,872.0
1758,2017-10-Oct,1840,71,3,-77.0,871.0
1759,2017-10-Oct,1841,72,3,-77.0,870.0
1761,2017-10-Oct,1842,72,3,-79.0,869.0
1760,2017-10-Oct,1843,72,3,-80.0,869.0
1762,2017-10-Oct,1844,73,3,-81.0,869.0
1763,2017-10-Oct,1845,73,3,-80.0,868.0
1765,2017-10-Oct,1846,74,3,-80.0,868.0
1764,2017-10-Oct,1847,74,3,-80.0,866.0
1766,2017-10-Oct,1848,75,3,-80.0,865.0
1770,2017-10-Oct,1849,75,3,-80.0,864.0
1768,2017-10-Oct,1850,76,3,-80.0,864.0
1767,2017-10-Oct,1851,76,3,-87.0,864.0
1769,2017-10-Oct,1852,77,3,-80.0,863.0
1771,2017-10-Oct,1853,77,3,-80.0,862.0
1772,2017-10-Oct,1854,77,3,-80.0,861.0
1773,2017-10-Oct,1855,78,3,-78.0,861.0
1774,2017-10-Oct,1856,78,3,-80.0,859.0
1776,2017-10-Oct,1857,79,3,-80.0,858.0
1775,2017-10-Oct,1858,79,3,-81.0,857.0
1779,2017-10-Oct,1859,80,3,-79.0,857.0
1778,2017-10-Oct,1860,80,3,-80.0,857.0
1780,2017-10-Oct,1861,81,3,-79.0,855.0
1777,2017-11-Nov,1862,81,3,-81.0,854.0
1781,2017-11-Nov,1863,81,3,-80.0,853.0
1782,2017-11-Nov,1864,82,3,-82.0,852.0
1783,2017-11-Nov,1865,82,3,-80.0,852.0
1785,2017-11-Nov,1866,83,3,-80.0,850.0
1784,2017-11-Nov,1867,83,3,-78.0,848.0
1786,2017-11-Nov,1868,84,3,-80.0,848.0
1787,2017-11-Nov,1869,84,3,-81.0,846.0
1788,2017-11-Nov,1870,85,3,-81.0,845.0
1789,2017-11-Nov,1871,85,3,-80.0,844.0
1791,2017-11-Nov,1872,86,3,-79.0,843.0
1790,2017-11-Nov,1873,86,3,-79.0,842.0
1792,2017-11-Nov,1874,86,3,-80.0,840.0
1793,2017-11-Nov,1875,87,3,-79.0,839.0
1794,2017-11-Nov,1876,87,3,-79.0,838.0
1797,2017-11-Nov,1877,88,3,-79.0,837.0
1795,2017-11-Nov,1878,88,3,-79.0,835.0
1796,2017-11-Nov,1879,89,3,-79.0,834.0
1798,2017-11-Nov,1880,89,3,-79.0,833.0
1803,2017-11-Nov,1881,90,4,-79.0,832.0
1801,2017-11-Nov,1882,90,4,-78.0,831.0
1800,2017-11-Nov,1883,91,4,-78.0,830.0
1799,2017-11-Nov,1884,91,4,-79.0,829.0
1804,2017-11-Nov,1885,91,4,-79.0,827.0
1805,2017-11-Nov,1886,92,4,-79.0,826.0
1802,2017-11-Nov,1887,92,4,-79.0,824.0
1807,2017-11-Nov,1888,93,4,-79.0,823.0
1806,2017-11-Nov,1889,93,4,-80.0,822.0
1808,2017-11-Nov,1890,94,4,-79.0,821.0
1810,2017-12-Dec,1891,94,4,-80.0,819.0
1809,2017-12-Dec,1892,95,4,-81.0,817.0
1812,2017-12-Dec,1893,95,4,-79.0,816.0
1811,2017-12-Dec,1894,96,4,-79.0,815.0
1814,2017-12-Dec,1895,96,4,-78.0,814.0
1813,2017-12-Dec,1896,96,4,-79.0,812.0
1817,2017-12-Dec,1897,97,4,-80.0,811.0
1816,2017-12-Dec,1898,97,4,-81.0,810.0
1815,2017-12-Dec,1899,98,4,-81.0,808.0
1818,2017-12-Dec,1900,98,4,-81.0,807.0
1819,2017-12-Dec,1901,99,4,-81.0,806.0
1820,2017-12-Dec,1902,99,4,-79.0,804.0
1821,2017-12-Dec,1903,100,4,-78.0,803.0
1822,2017-12-Dec,1904,100,4,-79.0,801.0
1823,2017-12-Dec,1905,101,4,-80.0,800.0
1824,2017-12-Dec,1906,101,4,-79.0,799.0
1825,2017-12-Dec,1907,101,4,-79.0,798.0
1826,2017-12-Dec,1908,102,4,-79.0,796.0
1827,2017-12-Dec,1909,102,4,-80.0,795.0
1828,2017-12-Dec,1910,103,4,-80.0,794.0
1833,2017-12-Dec,1911,103,4,-79.0,792.0
1832,2017-12-Dec,1912,104,4,-80.0,791.0
1830,2017-12-Dec,1913,104,4,-79.0,791.0
1834,2017-12-Dec,1914,105,4,-78.0,790.0
1835,2017-12-Dec,1915,105,4,-78.0,788.0
1829,2017-12-Dec,1916,106,4,-79.0,787.0
1831,2017-12-Dec,1917,106,4,-80.0,786.0
1839,2017-12-Dec,1918,107,4,-77.0,784.0
1836,2017-12-Dec,1919,107,4,-77.0,783.0
1837,2017-12-Dec,1920,108,4,-77.0,782.0
1838,2017-12-Dec,1921,108,4,-78.0,781.0
1840,2018-01-Jan,1922,108,4,-79.0,780.0
1842,2018-01-Jan,1923,109,4,-77.0,778.0
1841,2018-01-Jan,1924,109,4,-78.0,777.0
1844,2018-01-Jan,1925,110,4,-79.0,777.0
1843,2018-01-Jan,1926,110,4,-80.0,775.0
1845,2018-01-Jan,1927,111,4,-79.0,774.0
1847,2018-01-Jan,1928,111,4,-78.0,773.0
1846,2018-01-Jan,1929,112,4,-79.0,771.0
1848,2018-01-Jan,1930,112,4,-79.0,770.0
1849,2018-01-Jan,1931,113,4,-79.0,770.0
1850,2018-01-Jan,1932,113,4,-79.0,768.0
1852,2018-01-Jan,1933,114,4,-78.0,767.0
1851,2018-01-Jan,1934,114,4,-79.0,766.0
1853,2018-01-Jan,1935,115,4,-80.0,765.0
1855,2018-01-Jan,1936,115,4,-79.0,764.0
1854,2018-01-Jan,1937,116,4,-80.0,763.0
1859,2018-01-Jan,1938,116,4,-78.0,762.0
1857,2018-01-Jan,1939,116,4,-78.0,760.0
1858,2018-01-Jan,1940,117,4,-77.0,759.0
1856,2018-01-Jan,1941,117,4,-77.0,758.0
1860,2018-01-Jan,1942,118,4,-78.0,757.0
1863,2018-01-Jan,1943,118,4,-78.0,756.0
1861,2018-01-Jan,1944,119,4,-80.0,755.0
1862,2018-01-Jan,1945,119,4,-78.0,754.0
1864,2018-01-Jan,1946,120,5,-79.0,753.0
1865,2018-01-Jan,1947,120,5,-78.0,751.0
1866,2018-01-Jan,1948,121,5,-78.0,752.0
1867,2018-01-Jan,1949,121,5,-78.0,751.0
1868,2018-01-Jan,1950,122,5,-79.0,750.0
1869,2018-01-Jan,1951,122,5,-77.0,749.0
1871,2018-02-Feb,1952,123,5,-80.0,748.0
1870,2018-02-Feb,1953,123,5,-78.0,747.0
1872,2018-02-Feb,1954,124,5,-77.0,745.0
1873,2018-02-Feb,1955,124,5,-77.0,745.0
1879,2018-02-Feb,1956,125,5,-79.0,744.0
1875,2018-02-Feb,1957,125,5,-77.0,742.0
1874,2018-02-Feb,1958,126,5,-77.0,741.0
1878,2018-02-Feb,1959,126,5,-78.0,740.0
1876,2018-02-Feb,1960,127,5,-78.0,740.0
1877,2018-02-Feb,1961,127,5,-77.0,740.0
1880,2018-02-Feb,1962,128,5,-78.0,738.0
1881,2018-02-Feb,1963,128,5,-77.0,737.0
1882,2018-02-Feb,1964,129,5,-76.0,736.0
1883,2018-02-Feb,1965,129,5,-76.0,735.0
1884,2018-02-Feb,1966,130,5,-77.0,735.0
1885,2018-02-Feb,1967,130,5,-76.0,734.0
1886,2018-02-Feb,1968,131,5,-76.0,732.0
1887,2018-02-Feb,1969,131,5,-76.0,732.0
1888,2018-02-Feb,1970,132,5,-77.0,731.0
1890,2018-02-Feb,1971,132,5,-78.0,731.0
1891,2018-02-Feb,1972,133,5,-78.0,730.0
1889,2018-02-Feb,1973,133,5,-78.0,730.0
1892,2018-02-Feb,1974,134,5,-77.0,729.0
1894,2018-02-Feb,1975,134,5,-76.0,729.0
1893,2018-02-Feb,1976,135,5,-77.0,728.0
1895,2018-02-Feb,1977,135,5,-77.0,727.0
